feature,importance
to,0.04158263863251559
is,0.03751889505183752
from,0.03192358429392007
and,0.027888749071730275
the,0.027159237904338728
in,0.019981104404145956
eur,0.019763902064430447
profit,0.01935623716601396
year,0.018413414820029648
mn,0.018226685901669037
up,0.016905878069968995
from eur,0.016406022306456804
by,0.015751794760102456
sales,0.015497639504268426
to eur,0.014936877743200684
rose,0.014421101977371913
down,0.014383449200201808
will,0.014039131754660093
be,0.013825576852423565
increased,0.013692196090586186
period,0.013455572741391031
of the,0.012827251646645004
decreased,0.012467483302396326
will be,0.012105965943971075
net,0.012077695121346651
finnish,0.01150647108873166
mn in,0.0112823188190172
rose to,0.011262970182765475
operating,0.010624058834451767
in the,0.01037970955263937
compared,0.009714674396842584
loss,0.009603740783993432
up from,0.009594449096947039
profit rose,0.009472253244530545
finland,0.009346849771125315
business,0.008965229072852307
increase,0.00886437582860669
compared to,0.008741113754267086
fell,0.008428260782972478
the corresponding,0.008380972643597348
down from,0.008284726969183209
corresponding,0.008268605779800079
as,0.00811630085423199
of,0.0077110799951916695
has,0.007355067525136953
quarter,0.007295088895691691
value,0.007103252163386084
eur mn,0.0070838352313341985
said,0.007050108726672863
corresponding period,0.006936818912593801
not,0.006876454637181939
oyj,0.006811908197888729
grew,0.0067633541864799114
operating profit,0.006690152787580982
decreased to,0.006583095486306227
it,0.00655100413164971
net profit,0.006486322791224114
are,0.006438582954352085
about,0.006336481171781625
company,0.006272091447124101
include,0.006220334682235986
its,0.006190676117181747
an,0.006185286302007921
contract,0.006167243798031775
value of,0.006124173903626042
includes,0.0060626947023052795
mn up,0.006047915529960427
year earlier,0.005829559334521988
with,0.00574492690555601
period in,0.00566544162856842
the contract,0.005617158642292621
group,0.005567987989595142
increased by,0.0055582856188466255
loss of,0.005489941496940365
services,0.005451581380919796
2010,0.0054352070299747875
for,0.005420874907999432
mn from,0.00533958472343136
mn down,0.005328575929111553
2008,0.005296297986487484
as well,0.005269018561217526
production,0.005212124362607642
earlier,0.005185242435777784
well as,0.0051488630548194875
under,0.005097765681749482
percent,0.005077648413510344
corporation,0.005072059618901018
development,0.005057974601083746
rights,0.005028584213526106
other,0.0049702142074754055
helsinki,0.004898969651082548
profit of,0.004881155633499454
all,0.004861674004676285
board,0.00481634564623046
for the,0.004796880811315919
total,0.00462189659183493
were,0.0045785984599131194
2005,0.004572967972471482
products,0.004448444634654982
the first,0.0044361004752121735
on the,0.004410551132827281
order,0.00440187862160418
same period,0.004386957924762268
decreased by,0.0043804255410283335
both,0.004310062576361405
the board,0.004299718238232409
2009,0.00429758894774054
oy,0.004243425244448384
new,0.004210496514066468
year on,0.0041965486099885315
per,0.004170958618896109
com,0.00415429785977803
the same,0.004138901121388344
our,0.004124214224589148
same,0.004114249313437072
months,0.004111186261979852
start,0.00410970602004224
the order,0.004106537230232456
first,0.004019070931597519
exchange,0.004016963025611509
net sales,0.003981488693528085
project,0.003978918065554768
won,0.003975894997807843
disclosed,0.003931987358879793
approximately,0.003913932488637533
2007,0.0038989629083738186
quarter of,0.00385657164906189
the company,0.003823011295474102
one,0.003799555554036253
fell to,0.0037934340501515804
that,0.003789781760413733
months of,0.0037894797594899333
net loss,0.003777215733430639
today,0.0037516074446309047
information,0.0037470251236659843
to increase,0.0037378601570747507
at,0.0037373984648945402
service,0.003735331346198494
the business,0.0037206102835656042
on year,0.0037049613983569313
of 2008,0.0037048167587055204
headquartered,0.0037042461787880052
share,0.003676497435370474
transaction,0.0036529966147406767
shares,0.0036410508883166553
report,0.0036408448320787794
headquartered in,0.0036093699781404795
the value,0.003597116338722012
unit,0.003574173106058854
its net,0.0035655486742027947
growth,0.0035572150502178267
voting,0.003544195502193784
in 2009,0.0035433300435165943
half,0.0035429259059525436
deal,0.0035350652733380354
www,0.0035280681969955038
no,0.0035151987554809363
construction,0.0035013746666299793
mln,0.0034965548682843067
nine months,0.003472609189982706
sales increased,0.003472522059244371
employees,0.0034720887612607002
stake,0.003442141400879389
provides,0.003440980606573359
also,0.003435269058262932
technology,0.003430459362394096
an increase,0.003423430855362098
nine,0.003416532634254729
people,0.003402707523695803
2010 from,0.0033950059122681876
the transaction,0.003389222877682892
per share,0.0033762548655756866
the share,0.003375388489782
related,0.003365238032603201
well,0.003353407170465025
such,0.0033533560156021307
the deal,0.003348068585635133
used,0.003344223114136005
the new,0.0033304620012950693
annual,0.00330778004120619
voting rights,0.003278825588159972
rise,0.0032589513405855085
respectively,0.003230111546659101
have,0.003226758082431532
maker,0.0032103363428384085
earnings,0.003207409353712041
narrowed,0.003201665621728378
share capital,0.0032008696433494365
option,0.003188855891737322
price,0.003183484058317497
result,0.003182269401102562
to the,0.003177628796715621
mln eur,0.0031648177921070643
by the,0.003164082564227967
than,0.003155703999619187
plc,0.0031536861720021466
11,0.0031232437717535365
nokia,0.0031108777072552884
office,0.003104938713643099
profit decreased,0.0030860248682778924
first nine,0.003085184325614389
into,0.0030467199871409773
sales decreased,0.003045781856249542
eps,0.003036668062681641
mn compared,0.003033353316917878
more,0.003032302147235006
fell by,0.0030169016249553464
to profit,0.003016515293012216
profit fell,0.0030142048392567994
first half,0.0030139759541828954
increased to,0.0030136796828436306
operates,0.0030123265416254733
the project,0.0030112111610613645
2004,0.002974405524345011
the total,0.0029671720130258596
pretax,0.002963592351167255
awarded,0.0029434604373671093
period of,0.00293639502066685
in 2005,0.0029205533421160466
their,0.002917214974429041
and it,0.0028844958427871833
second quarter,0.0028789354715801655
14,0.0028606287300480837
operating loss,0.0028414395740731786
and voting,0.0028365102451596113
research,0.0028218965670307795
ltd,0.00279605710236682
any,0.0027938896414210607
million from,0.002789192678880031
based,0.0027859228574343827
rose by,0.0027745119769900938
dropped,0.0027617356342942386
covers,0.0027508071400767736
on,0.0027482406524174602
capman,0.0027480016819718374
take,0.0027397758053600845
period increased,0.0027325960383754754
board of,0.002730316441742221
part of,0.0027243161827825058
positive,0.002722997016292658
media,0.002713267661182561
second,0.002710865970537791
responsible,0.0027067746727427837
narrowed to,0.0026906328555799117
of 2010,0.002676827854275128
release,0.0026652076054367265
year to,0.0026448849174021375
grew by,0.0026290419538360795
savings,0.002620182192467489
responsible for,0.00261330005764639
to be,0.0026123773904893005
can,0.002597914658928061
the year,0.002594071951892439
investment,0.002581213769812969
such as,0.0025693577007403633
chairman,0.0025678992468482144
last year,0.002566372032316333
stake in,0.00256554099929098
the second,0.0025647947315191027
employs,0.0025612175090828668
loss narrowed,0.002556852774277604
in 2008,0.002550265324224848
and is,0.0025304089091400307
profit for,0.002518755285024414
details,0.002517014069431873
between,0.0025079014168773624
percent to,0.0025069927479790255
part,0.0025065551103507617
or,0.0025042492714763163
and the,0.0025031764603699316
in 2010,0.002502886918899639
global,0.002499642242717996
euro,0.0024944286207987457
lower,0.002489090618311208
design,0.002487299335536869
developed,0.002486191504879119
improved,0.002485835600364634
europe,0.002483788077838366
directors,0.0024828313544734805
in finland,0.0024701768232862132
ago,0.0024684698051061923
some,0.002467500989117461
of eur,0.0024664182366844413
prices,0.00246390520371524
usa,0.0024620170811899753
engineering,0.0024527086033171415
increased respectively,0.0024502659057085334
president,0.002446852246529084
area,0.0024462014967008864
had,0.002443301795619195
including,0.0024422471337316315
hel,0.00244018984408457
each,0.0024362040098850134
half of,0.002428056793796275
center,0.0024216829842224996
content,0.002412689045070643
profit and,0.0024049276666554204
earnings per,0.002394180116209124
power,0.002388760532395916
slipped to,0.0023882610928646357
about eur,0.0023842595363809515
made,0.0023766007420474356
around,0.002374590264597458
worth,0.0023717320411262986
respectively from,0.002365797607410734
not disclosed,0.002365572959122777
said today,0.0023588918718423727
stock,0.0023525162157492937
billion,0.0023522653118202897
mln for,0.0023488122975394215
slipped,0.0023469415183114462
year ago,0.0023463786441906597
million,0.00234566711470713
markets,0.002344374812546317
and its,0.00233808986654921
15,0.0023048536310386085
last,0.002303988878754979
pct,0.0023011676395451237
is about,0.002293524540948712
strong,0.0022921505824124804
is expected,0.002288402364630972
steel,0.0022794007957599423
the report,0.0022788753516811756
announced,0.002277360837104722
is part,0.0022770582262859056
distribution,0.002256433498757678
number,0.0022563390453190207
previous year,0.002254755582772712
two,0.002246161675363567
through,0.0022446612993679963
in 2004,0.0022434153099022383
and net,0.0022383553400831184
resources,0.002235891885654462
agreement,0.0022318469213605855
subscribed,0.0022264808597010468
000,0.0022256089784296663
based on,0.002219220172280826
inc,0.0022166740438883796
may,0.0022132013373526477
plant,0.002212129019452827
following,0.0022114154487085846
market in,0.002197059306833378
maintenance,0.0021869863055588644
his,0.002177368757625816
it won,0.0021686619802432686
drop,0.0021615102527777035
to net,0.002160471058117476
manufacturing,0.0021583852137600132
pretax profit,0.0021573535442737848
ruukki,0.002153773143549139
communications,0.002153746172731417
contract is,0.0021519493550577326
both operating,0.0021511199878168088
plants,0.002132495682280545
st petersburg,0.002130735577646729
now,0.0021214893662523907
dropped to,0.0021213688183844078
increase of,0.002120807968399465
applications,0.0021138074454434175
the stock,0.002109158908851861
program,0.0021080423067266598
it is,0.002106023264744647
in 2006,0.0021027496022301586
available,0.002102603259850266
totaled,0.0020967177317700327
as compared,0.0020874427392022013
held,0.002086340269690489
of 2007,0.002086168441672872
is the,0.002083454609378422
under the,0.0020812291004255667
built,0.002077214519979063
33,0.0020768029483816883
eur0,0.0020737349736585724
are expected,0.0020694853709577556
2006,0.0020647984475439304
12,0.0020632396427909152
2011,0.002060087410791904
using,0.0020593941637505678
month period,0.0020590250094359498
owns,0.0020575096275713104
statements,0.0020548568683579527
margin,0.0020547501005509835
control,0.002053215103983793
at the,0.0020492959049094287
st,0.0020480210628352506
ahlstrom,0.002047581286151326
sales to,0.0020338660427481367
them,0.002033107415566071
located,0.002033061629772137
during,0.0020314007181283012
the previous,0.002029071358327106
capital and,0.0020262573441546254
and an,0.0020213256839925193
petersburg,0.0020205347050273313
fall,0.0020190869904956462
vice,0.002017392287521511
facilities,0.0020143694859979344
of directors,0.0020142355928387725
been awarded,0.0020139224410394233
issue,0.0020091473596349912
the nordic,0.0020076705973527276
electronics,0.0020049825975558366
however,0.0019979463239380314
june,0.0019975346668849136
range,0.0019939933477406005
the shares,0.001992157107058255
negative,0.001987516695170953
company is,0.0019841680847589994
significant,0.0019821048480517744
500,0.001979723254088388
shares and,0.001979494400248049
oyj hel,0.0019704316295575015
mln euro,0.001967538529545891
provided,0.0019643629936362986
real,0.0019636611378249643
nasdaq omx,0.001960223376748826
subscription,0.0019581302904849774
percent of,0.001950370858875296
in helsinki,0.0019460144090274068
stockmann,0.00194420103346555
over,0.0019436670212521195
mobile,0.001938703366343958
company and,0.0019385938726462037
espoo,0.0019372360447483452
nasdaq,0.0019351205918204531
china,0.0019329234753911683
previous,0.0019303642286644458
director,0.001925317626875077
offices,0.001916705090098996
down to,0.0019164349591815877
tax,0.0019131723161891062
completed,0.001912375304078513
number of,0.0019118228051911482
as of,0.0019096596837615738
nordic,0.0019085653314819347
stock option,0.0019078005761577097
first quarter,0.0019047338355962313
own,0.0019027104264017112
this,0.001900809221788514
trade,0.001900588408084568
is eur,0.0018987331748238209
credit,0.001896694791448565
order is,0.0018905335571967558
sector,0.0018894160557172165
present,0.0018887277556691256
purchase,0.0018862954617880044
systems,0.0018857015345151431
company said,0.0018726070103469458
listed,0.0018718713107664891
transfer,0.0018618811850526066
state,0.0018602877366742294
name,0.0018599106010382567
due to,0.0018587480826783777
solutions,0.0018561055466154012
disclose,0.0018549339041199085
we,0.0018541837763912257
deliveries,0.001854001896730041
will take,0.0018534851824160347
of 2009,0.0018514977074698884
today its,0.0018507676107485061
financial statements,0.0018467116940077846
share eps,0.0018461408772824312
system,0.0018458604409103952
acquisition,0.0018457779932148249
revenue,0.0018454842548616156
contract to,0.0018442406299373217
publish,0.0018422529472108555
elcoteq,0.0018389655649135523
loss totalled,0.001837728488026922
set,0.0018371436259318034
largest,0.0018325001940282114
scanfil,0.001832460820240154
pretax loss,0.001831738259011169
is scheduled,0.0018292898614101366
space,0.0018224112458287908
company will,0.0018199636441797466
when,0.0018192347028780794
jumped,0.0018159594232893153
from profit,0.001815940770505245
in january,0.0018149579653833877
of its,0.0018125556367015426
capacity of,0.001809252743619001
the development,0.0018084031708792804
currently,0.001808056265870453
scheduled,0.0018066955252405042
facility,0.0018056178561835694
capacity,0.0018050962009993287
is also,0.0018042359723885284
has been,0.0018039233784812217
russia,0.0017944767491739348
of some,0.001792989200054955
fixed,0.0017923382254295905
sell,0.0017918886490767196
versus,0.0017912514026515545
the plant,0.0017877046685594036
said on,0.0017819023044602807
compared with,0.0017718743928623686
is in,0.0017716498897169457
return,0.0017681010757653103
general,0.0017626748837631665
product,0.0017624375899977314
finnair,0.0017617673352054832
amounted,0.0017598847144442561
savings of,0.001759101533542632
july,0.0017566500014817377
amounted to,0.0017561592847443034
complete,0.0017530013038327351
networks,0.0017522125182743385
from mln,0.0017472258681858247
to start,0.0017430157608322515
loan,0.001742222666922024
press,0.0017378864507792014
supply,0.001734973368812082
increased from,0.0017349458870650827
january,0.001732355543371586
27,0.0017290961456410032
type,0.0017276228967943856
holds,0.0017266785889905093
analysis,0.0017258551761453738
operations in,0.0017241222758851548
decision,0.0017201394261227622
can be,0.0017149236225840292
as the,0.0017140166842223375
sales in,0.0017135945503769987
growth in,0.0017111236116040898
month,0.0017102104197383174
issued,0.0017100561147209415
offers,0.0017085436855189744
chairman of,0.0017068819615302015
metal,0.001706797356337302
conference,0.001706579256342901
mn year,0.0017002626617623321
totalled eur,0.0016984388214314457
due,0.001698103072507908
capital,0.0016956137919836457
related to,0.0016941622238696543
digital,0.001693662716751975
fund,0.0016925648261873945
lower than,0.0016924914690435926
oyj said,0.0016900245849443582
handset,0.0016896081381715935
in at,0.0016834501533265814
shareholder,0.0016826377099729518
he,0.001681057174194776
transferred,0.001679048277681218
cost,0.0016777342147674217
in accordance,0.0016761213441897323
fiskars,0.0016753338072610332
infrastructure,0.0016731465422467622
february,0.0016726557076620718
lithuanian,0.0016713043926283044
representing,0.0016687477095522678
profit warning,0.001667837863477292
before,0.0016650408993101906
40,0.001662854850883603
in 2007,0.0016626241475428847
omx,0.0016604630965135903
electronic,0.001660043905208126
by to,0.0016590121175946027
have been,0.0016588142276176825
in its,0.0016563917393850117
million usd,0.0016549039091249941
assets,0.0016542617013812267
operations,0.001653934361736283
executive,0.00165373701104422
profit increased,0.0016528612615831892
41,0.0016497809614171904
amount,0.0016493843830019477
logistics,0.0016490541556967433
region,0.0016474066270930714
componenta,0.0016471387690376918
major,0.0016438135555641813
four,0.0016388725517398918
country,0.0016388092268190496
there,0.0016344514781502803
came in,0.0016343462703698969
provider,0.0016339894044044203
totalled,0.0016321864194306186
accordance with,0.0016318402285343458
period year,0.0016309132655619658
combined,0.0016309105350775898
the following,0.0016302049552031218
39,0.0016301959971841387
of shares,0.0016284978792210033
worldwide,0.0016283236339807506
accordance,0.001626210545332407
be completed,0.00162437583947349
says,0.001623612842692209
decided,0.0016211088810002164
tons,0.001620675471471546
increase in,0.0016199456962174277
website,0.001617786386041357
name of,0.0016164444529978505
is listed,0.0016151016562095952
development of,0.0016136254020220533
science,0.0016135653304679717
16,0.0016099640646045927
said its,0.0016094978510551047
is headquartered,0.0016090750600093193
need,0.0016085568213932825
video,0.001606802194621808
profit totaled,0.0016066855490719449
december,0.0016065438817241427
line,0.0016013734966654522
appointed,0.0016003620261103007
stock exchange,0.0015997230486239787
vantaa,0.0015976418207914844
use,0.0015960896955011605
mill,0.0015930073623585388
signed,0.0015898854932744403
which,0.0015897992890649966
went up,0.0015885133981374995
units,0.0015840815514081945
sales fell,0.0015804188137978768
france,0.0015803451509979907
located in,0.0015780920998540863
eur 14,0.001577167153292355
warning,0.00157523651138674
paid,0.0015733640721256204
various,0.0015718930283973283
eur year,0.0015708831600810206
00,0.001569887281597316
started,0.0015694324905711054
since,0.0015605249207500005
of 2005,0.0015575168618019895
excluding,0.0015570531589014672
2008 from,0.001555405872368885
2010 finnish,0.0015528781313027952
already,0.0015525154964867998
44,0.0015512683801744444
omx helsinki,0.001550387870119531
in total,0.0015494930178421074
negotiations,0.001548423462179565
options,0.001545153841130875
that it,0.0015407254725584262
reported,0.0015385282185930496
million liters,0.00153772342826682
to mln,0.0015366903164702572
most,0.001535286322878563
an order,0.001532611080218341
bank,0.0015313077983237365
of 2006,0.0015308573227851242
march,0.0015304155228754194
eur 11,0.0015303139949602708
what,0.0015217148766467233
liters,0.0015210966419111354
delivered,0.0015206651139855552
ceo,0.001514591024444663
marketing,0.0015141815560561311
dividend of,0.0015123224124084004
adp news,0.0015094571756415053
sampo,0.0015074226087459907
network,0.0015060783146142777
orders,0.001505634092355278
vice president,0.0015052292570037025
declined,0.001502841602539956
88,0.0015019778794149194
been,0.0014981955721120339
decline,0.0014952161353060601
35,0.0014937360037520604
from the,0.001493568715675677
street,0.0014930650556367953
total value,0.0014908352995497962
divided,0.0014888910323419282
software,0.0014876747209333272
2009 from,0.0014837817646408665
amounts,0.0014831565577211319
six,0.0014799839284834633
hit,0.0014787533202667163
higher,0.0014777977465620371
three month,0.0014774540460635655
support,0.0014773171424497674
comes,0.001475049084441894
and fixed,0.0014718281852529262
branch,0.0014713180387945493
adp,0.0014709847019359075
if,0.001470839470700042
the period,0.0014685759667631907
water,0.0014677654381268466
market situation,0.0014671221855196888
via,0.001464725078160708
25,0.0014646059840484676
many,0.001463394879797309
14 mn,0.0014621795943163833
of finland,0.0014602904597879503
totaled eur,0.0014601016644787898
manufactures,0.001458370558504991
the state,0.0014577092438822525
key,0.0014575998304950336
eur1,0.0014518539695976807
included,0.0014517502915916806
transferred to,0.0014508540795548437
2007 from,0.0014506891879859168
eet,0.0014495882134920753
expected to,0.0014479193346079303
developer,0.0014478882561508501
fish,0.0014477407289241666
the terms,0.0014475623428768687
be made,0.0014470669952601986
demand,0.001446654881748479
with the,0.0014464896394891153
situation,0.0014455422679708063
said it,0.00144521069065942
profiles,0.0014439764335316256
the acquisition,0.0014410708824819454
increase from,0.001440659709696555
special,0.0014402094817773938
financial,0.0014395113867921297
directed,0.001436632820278823
and operating,0.0014365825142621954
publish its,0.0014357222314450439
but,0.0014348657020570833
18,0.0014343896380027976
revenues,0.0014340751169332948
at www,0.0014339229457456012
paper,0.0014329155266482366
cargo,0.0014324555664509623
eur2,0.001432367507341779
the six,0.0014311307644749316
share subscription,0.0014293356613625206
at 10,0.0014292319185920067
shares representing,0.0014256126917890303
nyse,0.0014250890933301692
international,0.001424937988163271
grew to,0.0014228952394508508
government,0.001422789856129653
mr,0.0014217165212341719
acquired,0.0014210231509354456
turned,0.0014202172244211864
sale,0.0014191458891291352
segment,0.00141894466734085
buy,0.0014173850485323315
awarded contract,0.0014164999784621094
square,0.0014163759271086488
17,0.0014161179253770323
baltic,0.0014150129976474835
september 2010,0.0014143385067612111
details were,0.0014135328918857492
persons,0.0014131523462411332
webcast,0.001411164072180768
50,0.0014085736231134259
established,0.0014084579039948808
eur 17,0.0014083595509551867
printing,0.0014073837123777559
denmark,0.0014065190648517186
stores,0.0014050601192431567
03,0.0014039836291185246
the third,0.001402597971605968
asset,0.0014021402234133753
market share,0.0014019945522432543
versus loss,0.001401059039629717
head of,0.0013997333483324753
was eur,0.0013985429898938295
pre tax,0.0013976802055721378
underground,0.0013949542590295837
million and,0.0013941609198363934
sales grew,0.001393453171317886
project is,0.0013928321781525362
80,0.001392259577405937
head,0.0013920879188665716
the annual,0.0013917812616917242
will publish,0.0013917642006095563
would,0.0013910908777007638
scheduled to,0.001389963063943191
established in,0.0013896344483329067
poland,0.0013886170525544504
wood,0.0013883704847177708
okmetic,0.001384060874858246
losses,0.0013836945028120483
general meeting,0.0013826465699620222
reports,0.0013808780110102802
honkarakenne,0.0013797934775539634
october,0.0013783875207101887
access,0.0013752761628149186
slightly,0.0013746891958102256
where,0.0013746847249867192
the orders,0.0013737801808848757
nordic exchange,0.0013726086655663403
21,0.0013716962392166143
volume,0.0013716668792321573
corp,0.0013693552173801966
operating margin,0.0013690864539503303
be used,0.0013683018827312177
security and,0.001366791408836109
security,0.001366657103873072
company that,0.0013655584630225715
beer sales,0.0013651151057983476
funds,0.001364766228277049
finnish metal,0.0013640788962141531
phones,0.0013621369546147032
sectors,0.0013605879483307198
is located,0.001358676689570959
chain,0.001355489920475073
company has,0.0013546730290670901
area of,0.0013543378532610388
your,0.0013538877070673042
up by,0.0013530300619520345
listed on,0.0013502379021569
data services,0.0013493408491437341
during the,0.0013491803291208022
120,0.0013485466832145493
alma,0.0013484174626972238
lines,0.0013452163603348026
functions,0.0013440607811787894
sports,0.0013438868118638004
dividend,0.0013414621713927727
beer,0.0013380108830062186
tekla,0.001336777195964762
time,0.0013362387349484643
according to,0.0013351485393407745
czech,0.0013317044016262559
mainly,0.0013304974291581495
profit excluding,0.0013291154361603822
percent from,0.0013289676000814458
alma media,0.001328409847942027
news,0.001323919894432655
more than,0.0013207745445398121
according,0.0013203392047083894
processing,0.0013191798883725651
helsinki finland,0.0013168759944118483
x20ac,0.0013165572847804836
sales rose,0.0013163378036166185
has won,0.0013157244214485944
items,0.0013147659013788243
to supply,0.0013146363197518744
further,0.0013140980479538502
back,0.001313862464225054
least,0.00131239744211983
germany,0.0013121856830122065
these,0.0013116626128966428
start in,0.001310148651532773
corporate,0.00130797223748335
released,0.0013064747217106274
profitable,0.001305938592757666
that its,0.0013051525773159038
turnover for,0.0013048585405629849
areas,0.0013040471539540863
below,0.0013015869580509994
out,0.0012998404624138468
at least,0.0012986142971397347
of all,0.001297242766540347
holding,0.001297024059882094
fine,0.0012950739763397314
material,0.0012945430994814166
projects,0.0012934621107824277
the group,0.001292142824474525
customer,0.001292137648641888
position,0.001291746686904431
materials,0.0012917077039209823
estate,0.0012915294111003962
non,0.001288801547647648
rautaruukki,0.001287499186573097
investment company,0.001287296155793425
services to,0.0012867438038442806
recommendation on,0.0012847561336252703
loss totaled,0.0012847378694902801
the number,0.0012824049018568264
concern,0.0012819630868436938
steel and,0.0012818451786306068
consumer,0.0012803837235894294
was not,0.0012787580082739365
2009 finnish,0.001278301385231004
000 in,0.0012779313529878798
be responsible,0.00127331014704358
managing,0.001271411779244113
sales are,0.0012707995555113494
38,0.0012698372440237103
of about,0.0012691254343188388
controls,0.0012682016118982548
improvement,0.0012681801618542872
date,0.0012677154483000325
to sell,0.0012662577961195186
transactions,0.0012662182949257474
continuing,0.0012640694060896164
similar,0.0012632703328640733
who,0.0012629589634950151
43,0.001260722584659608
european,0.0012596739284016201
environment,0.0012592572213263942
retail,0.0012592008861824864
components,0.0012589059620287796
industry,0.0012585824097279552
south,0.0012583680970567907
later,0.0012581582004937398
category,0.001258018715885735
49,0.0012573179351088838
2012,0.0012564765455216269
finnish media,0.001256073127866506
usd,0.0012559897438718273
president of,0.0012549047714325262
passenger,0.0012547989619099932
measures,0.001254791401562984
2010 the,0.001254267008508035
completion,0.001254134287821622
tikkurila,0.0012538286610419562
with an,0.0012535443472375097
be transferred,0.0012513705325186471
announcement,0.001249160641811852
subsidiary,0.001248837835272746
business is,0.0012486916721297298
equipment,0.0012465086794969133
currently the,0.0012453390256186164
focusing,0.00124430688504925
annual report,0.0012441233195479285
monday,0.0012426140048139205
named,0.001242547288935494
added,0.0012415301348111243
is available,0.00124105615125632
in espoo,0.0012408178650068745
remaining,0.00124005000532885
treatment,0.0012398092826158276
national,0.001239536936432465
process,0.001239494153561152
subsidiaries,0.0012387560747936842
third quarter,0.001238536281469608
fall in,0.0012384533696650326
next,0.001237607293682985
feb,0.0012366296833890142
was up,0.0012354620946818675
terms and,0.0012347519164860273
company website,0.00123451316968092
charging,0.0012339370955695625
2010 and,0.001233443633976838
shareholders,0.0012332287210418986
conditions of,0.0012332106863208543
and conditions,0.0012329467640272882
however the,0.0012324239164911923
come,0.001231627041074875
subscription price,0.0012299533037515781
ebit,0.0012295017573486743
valued at,0.0012294471367621628
producing,0.001228842707295302
demand for,0.0012286700220249574
surged,0.0012281655549493487
enables,0.0012279296779240942
receive,0.0012262009515765955
the finnish,0.0012252617938735921
co,0.0012233546588342422
exel,0.0012231950154690376
devices,0.0012217356557732454
division,0.0012217070656046175
mechanical,0.0012216549228205688
site,0.0012214407734432453
september,0.001220984960904836
cost savings,0.0012209359189911814
the trade,0.001220835801687738
basware,0.001219400790154306
engaged in,0.0012186448804947033
players,0.001216481886136757
is based,0.0012147798766960988
another,0.0012147125981977242
were disclosed,0.0012139780127659973
forest,0.0012124798755776774
does,0.0012089104394166447
czech republic,0.0012088372825264666
oulu,0.001208455028807665
different,0.0012075529368923098
doubled,0.0012062171188473522
management,0.001204461165092437
32,0.0012042871670383188
district,0.0012029636092837728
premises,0.001202750989253269
se,0.0012019176567332661
see,0.001201410078061722
personal,0.001201213740695043
group is,0.0012010844478199932
real estate,0.0011983361916741665
internet,0.0011982784527641193
positions,0.0011978485722499877
mln and,0.0011972518534500115
profit in,0.0011965060118785985
eur up,0.0011964654755575652
14 percent,0.001196341035053734
customers,0.0011959310575765472
tons of,0.0011954914565944364
31,0.0011950329644017333
70,0.0011942202086190762
million year,0.0011938215210491284
nokia siemens,0.0011936820165480838
used in,0.0011929441139983238
republic,0.001192273245460366
for january,0.0011918579660256997
valued,0.0011910286849025123
does not,0.0011904237389496325
comprises,0.0011903337270558968
2006 from,0.0011903244256799696
american,0.0011902836451066342
in india,0.0011897788723986534
customers in,0.0011892767645059696
remain,0.0011891860417186395
oy and,0.0011888301773895294
central,0.0011887841753251737
and sales,0.0011875326555552362
excluding non,0.0011871073656419618
its financial,0.0011870518440639257
designs,0.001186397782050926
nordea,0.0011862555988477073
exchange in,0.0011854163422261644
one of,0.0011848921972945176
companies,0.0011841798103186816
from loss,0.0011834067657398738
interest income,0.0011832817126022608
annual general,0.001182706197555884
euros,0.0011807722943019431
director of,0.0011806769376599582
data,0.001177701225102713
companies including,0.001177596553592191
application,0.0011766556915622363
37,0.0011764985118886053
performance,0.0011758341534908179
online,0.0011757078501500894
million euros,0.0011752753266677204
upon,0.001173325469706433
financial details,0.00117268447647198
the lithuanian,0.0011724573214001949
has awarded,0.0011714979351963594
ship,0.0011709449820339864
mn and,0.0011705211711752184
manufacturer,0.0011701415492718773
mobile and,0.0011701092146445089
panostaja,0.001169105169979292
sanoma,0.001168253097061198
received,0.0011682109312502876
global research,0.0011677789407985469
energy,0.0011670671985090858
shares to,0.0011659750017791921
were not,0.0011656166115832688
siemens,0.0011647237669820023
return on,0.0011640930421352887
of this,0.0011639317684210128
from year,0.0011625840377912408
company net,0.0011623953855494677
headquarters,0.001161796884393599
rise to,0.0011614870070497563
19,0.0011606178572360982
to loss,0.0011604397986446865
to improve,0.0011580856258140502
outlook,0.001157369250310238
focus,0.0011557759776100979
23,0.0011550140934481411
voice,0.0011533179157695193
equity,0.0011527957079235456
calls,0.0011526872595625812
third,0.0011515105571435022
for 2007,0.001151233918552144
maximum,0.001150729508336892
patent,0.0011484212852510371
shop,0.0011478219546478248
india,0.00114744757430683
new shares,0.0011469212789039019
lost,0.0011469188579306534
contract includes,0.001145705890863906
engaged,0.001145289478110698
investors,0.0011445070085228013
sale of,0.0011438550797223455
tuesday,0.0011435613378048407
equipment maker,0.0011424509250308528
29,0.001141825491834513
april 2007,0.0011416274676952813
being,0.0011415184066073864
research data,0.0011408381847457265
improve,0.0011389765792469812
share is,0.0011374084921733018
outokumpu,0.0011363392450021831
carried,0.0011360388249950378
efficient,0.0011352824949598032
turned to,0.0011348718166707904
natural,0.001133506551726323
000 for,0.0011309106749072654
rise of,0.00113065898671081
outotec,0.0011306086821171342
reports its,0.0011304532411303065
will transfer,0.0011298166828204487
generated,0.0011262771991329943
issued profit,0.0011244237835648684
it had,0.0011243620801601143
diluted,0.001124332178153741
about the,0.0011241211825049882
structure,0.0011194716240502302
income,0.0011192150849120904
makes,0.0011187116093349268
the price,0.001118524193627584
meeting,0.0011184053211823876
deliver,0.0011167722498392875
eur million,0.0011154187686011736
finance,0.0011136493623956011
bn,0.001111304944618146
pre,0.001110263279610668
it swung,0.001108561555605018
net interest,0.0011078973001560067
for its,0.0011078645676915345
today it,0.0011076019803182217
cover,0.0011060211955348956
previously,0.0011059249891487897
volumes,0.0011043595929733868
april june,0.0011038483279367974
from eur0,0.0011037005993305429
the nasdaq,0.0011027255547330882
eps of,0.0011026772400118021
raised,0.001102028315112362
and that,0.0011019646491460685
long term,0.0010998927877367273
swung,0.0010989596151442182
tax profit,0.001098875183460545
manufacture,0.0010985121195290096
tonnes,0.0010978263084860686
measurement,0.0010977909356360363
the fourth,0.0010961012025174272
into the,0.0010959211542415548
profit went,0.0010951245935374085
for our,0.0010950628497421735
and other,0.0010950205657946556
called,0.001094359058508871
in russia,0.0010939542100138512
january september,0.0010939482524108509
28,0.0010926056081044262
ten,0.001091655239161564
36,0.0010915429090459666
january june,0.0010914049185728174
costs,0.0010902654441073492
by year,0.0010900838537915172
afx,0.0010883981372470106
insurance,0.0010876437697219094
the back,0.0010868155913467453
90,0.0010862904409692415
subscription period,0.0010856089804847828
of september,0.001083752024131914
back of,0.0010835720288288493
while the,0.0010831564053251131
eur 37,0.0010815434843340149
order to,0.0010813250069105905
industries,0.0010799477777498343
100,0.0010779683768310777
six month,0.0010773461034609781
company operates,0.0010773324347645788
eur 44,0.0010769253804169562
year before,0.0010763610844524974
maintenance and,0.0010759846724964638
came,0.0010715960364212679
moscow,0.0010715208580009022
finnish electronics,0.0010711951639047958
industrial,0.0010709812095247918
cap,0.0010708899961977658
estimates,0.0010694526125402995
installation,0.0010683576212794778
phone,0.0010665608551725454
machinery,0.0010664651428628307
went,0.0010664499913743044
37 mn,0.0010660873878143603
aspocomp group,0.0010658279735697314
42,0.001065326333971313
swung to,0.0010646062926589564
raute,0.0010642401321195219
300,0.001062096575409429
beginning,0.0010615700371847951
senior,0.001061551046413628
target,0.0010601827971856298
it will,0.001059115048658793
declined to,0.001058956140135433
contains,0.0010564663205347787
accessories,0.0010560390132678245
08,0.0010556920946971939
joint,0.0010540433755019802
than the,0.0010540035284491167
glaston,0.001053779345833337
owned,0.001052588415220249
10,0.001052445949371668
of mln,0.0010518076457294962
air,0.0010514928652708224
take place,0.0010509119347631931
passengers,0.001050017342806019
series,0.0010499456092583764
the beginning,0.0010496859335203644
this year,0.0010492261829393352
plus,0.0010491951136232624
the combined,0.001047759302828331
beginning of,0.0010468878084269652
be the,0.0010448547866186066
grow,0.0010447076302128229
have to,0.0010443393302574627
sales dropped,0.001044203497129475
tonnes of,0.0010441037374086374
can also,0.001043810622731513
grown,0.0010435740165395796
interest,0.0010431434998058912
media group,0.0010429658899228941
january 2007,0.0010429585556465627
chemicals,0.0010425839221490246
specialises in,0.0010424208382529387
outside,0.0010421209018377175
of business,0.0010417815832199939
invention,0.0010408197828456589
buyer,0.0010405159093176124
available on,0.0010405134403700766
firm,0.0010403718502398577
services include,0.0010399264832927717
profit eur,0.0010395024579149858
did,0.0010392569235229859
market,0.0010388638502026027
close,0.00103880870034012
only,0.0010378999323011112
experience,0.001037043332067711
considerably,0.0010366963545129224
products company,0.0010364113504891643
daily,0.0010360333389581138
how,0.0010356506467129416
talvivaara,0.0010345656235222233
brand,0.0010341243647740373
company for,0.0010336124199989344
17 mn,0.0010333566053960877
estate funds,0.0010318644290634115
accounted,0.0010317924148590624
offer,0.0010317768336712636
transaction is,0.0010317036996372088
estimated at,0.0010314565736258188
come from,0.0010313711064141573
and information,0.0010309368972783923
monthly,0.0010308531222170318
steel maker,0.0010306348525501257
konecranes,0.0010295218557084171
accounted for,0.00102901748107821
to eur2,0.0010289193287136033
price of,0.001027996783295042
specialises,0.0010274135710442328
you,0.001027109159225382
covers the,0.0010264658470195212
and employs,0.0010261444077167222
korea,0.0010253444118023837
350,0.0010250337157264118
business to,0.0010249547910256254
had net,0.001024637662735732
rates,0.001023685933700194
comptel,0.001023495914668087
includes the,0.001022658590885354
ready,0.0010219779942394413
the invention,0.0010216349264349366
orders is,0.0010213714634255378
the volume,0.001020856682038225
telephone,0.001020541212758727
coatings,0.001020313142652755
debt,0.0010201659260492095
complex,0.00101990629011973
repurchase,0.0010198155620146708
section of,0.0010194585383246088
increase by,0.001018245736525177
partners,0.0010180876199633977
rental,0.001017637041761847
pohjola,0.0010175304173546723
future,0.0010173619653109582
and electronics,0.001017305815288066
favourable,0.001017264852782144
used to,0.0010168545433843297
pohjola bank,0.0010161185445342713
won an,0.0010157167930547287
full,0.0010156826379416352
posted,0.0010150202195158742
most of,0.00101493803631738
componenta oyj,0.0010149062056884744
segments,0.0010145444757769478
mining,0.0010142822302048732
london,0.0010140969388105225
total investment,0.0010137777033158697
espoo finland,0.0010137638515741506
training,0.0010137061466355033
will begin,0.0010132729952533038
operating in,0.0010130788474497397
financial services,0.001012985176657437
shall,0.0010126711765407902
cards,0.001012539264957929
be paid,0.0010124782739332782
has some,0.0010121987959792465
pay,0.0010120804717468812
term,0.0010120795137448157
price was,0.0010117536699672566
2008 on,0.0010100808501393214
the agreement,0.001009726852408561
function,0.001009511143457785
financial results,0.0010094560238452191
pharmaceutical,0.0010094337012101636
and real,0.0010094001612931049
builds,0.0010089256858585487
project will,0.001008809064496728
the purchase,0.0010087348280412142
mail,0.0010084622074303833
report for,0.0010082063337303342
way,0.0010066396384982334
ahead,0.001006530162012173
is estimated,0.001006496923911112
citycon,0.0010061502888814953
may be,0.0010052367722108628
be built,0.0010045161550345564
association,0.001004202992650447
fell percent,0.0010038231130530212
helsinki afx,0.001003484562220623
59,0.001003029890199836
level,0.0010027141041894258
share to,0.0010013479529117277
until,0.001000568703196797
in q1,0.0010002431121902077
10 million,0.001000152624954506
shopping,0.0009996564980110222
2008 finnish,0.0009995641310499932
serving,0.000999396665494383
eur from,0.0009978803248048846
solutions for,0.0009977674493992393
in vantaa,0.0009975440275393145
centre,0.0009974283587543078
payment,0.0009966026827540274
closed,0.000996259714978511
stainless,0.0009959177636844774
nearly,0.0009955123548337189
go,0.000995311109574111
the market,0.0009951575694172822
of these,0.0009949779428096851
the site,0.0009945706605536096
production in,0.0009942830107329567
manager,0.00099382685614291
of january,0.0009937044694803207
q1 2010,0.0009935682810474223
send,0.0009934324644386462
gross,0.00099343165896728
closing,0.000993210639821216
life science,0.000992869054439418
offices in,0.0009928303033173624
operators,0.0009927994019756712
plant in,0.0009925263864888497
planned,0.000992207467271987
above,0.0009920034869163941
consideration,0.0009920033619067834
and services,0.0009909349315105759
our customers,0.0009907876233281356
hook,0.000990667037928163
been appointed,0.0009903091300523215
also decided,0.0009902652619101881
13,0.0009897300736586869
inventors,0.0009889807691783774
begin,0.0009888595427903863
years,0.0009888137512367517
shall be,0.000988739212867378
contract for,0.0009886250612922936
building,0.0009885356588201295
industry and,0.0009884905900671532
of voting,0.0009881952310555934
did not,0.0009870675065787738
approximately eur,0.0009869939826780787
business areas,0.0009864384764778256
to x20ac,0.000986050238746263
paid in,0.0009858469542765834
base,0.000984865401590855
when the,0.0009847083163304704
more efficient,0.0009846166057861602
serves,0.0009840509882328113
the loss,0.0009837550810073343
safety,0.000983456079648265
micro,0.0009820071715371424
with other,0.0009819167352544662
amounts to,0.0009814196418585668
ab,0.0009809358261962057
june 2009,0.000980885173068702
q1,0.0009805602652901595
company added,0.0009798313437691505
option scheme,0.0009796413845835957
business area,0.0009794503505792843
exchange announcement,0.0009790470339074635
sq,0.000978818208030423
canada,0.0009787473821638482
upgraded,0.0009786474256825437
the customer,0.0009786277856557435
contract covers,0.000978477378835984
open,0.0009784610883558232
the inventors,0.000978294084195901
not disclose,0.000978094012303103
serve,0.0009776720784442226
mln from,0.0009773780253617209
stock options,0.0009771096047744485
inventors are,0.0009768549425038632
technologies,0.000976589258139805
nordea bank,0.0009764964083652348
euro mln,0.0009762674751511618
expects,0.0009760752742305486
developed by,0.0009751963672024399
supplier,0.0009748494701472727
powder,0.0009745448783923098
is one,0.0009743409842664698
in europe,0.0009741487598401841
05,0.0009734380529743887
scheduled for,0.0009722810473571044
latest,0.0009715322566767788
the production,0.0009714711841846649
filter,0.0009712528203956409
propose,0.0009708926027508085
at 00,0.0009706183078300901
completed in,0.0009705895473202717
final,0.0009705238218169725
very,0.0009704857289220267
would be,0.0009703379140288294
recommendation,0.0009700759325847959
disclose the,0.0009691104818355968
delivered by,0.0009684880364765433
fixed networks,0.0009684319968176505
clothing,0.0009684122203753317
and production,0.000968357896789148
meat,0.0009677222432338348
by in,0.0009672414235413763
last quarter,0.0009669244270452233
personnel,0.0009667063709616905
sum,0.0009665054495282273
on april,0.0009659673299540391
cencorp,0.000965459958297299
field,0.000965290453147241
followed,0.0009641383128597376
check,0.0009641129946020251
saw,0.0009637896489298619
interim,0.0009630027756342645
taken,0.0009627407144099593
dedicated,0.0009627055836046449
long,0.0009618337172580317
year the,0.0009614390665316799
kesko,0.0009613651591596564
over eur,0.0009610621239966087
the three,0.0009610002807792785
operations decreased,0.0009606602160746271
and turnover,0.000958398093790699
and construction,0.000958238226342925
it slipped,0.0009581907564548627
magazine,0.0009581656879551805
attached,0.000957923440376698
record,0.0009570750201258604
committee,0.000956847661380791
by 27,0.0009553440419081813
divided into,0.0009540372597591961
italy,0.0009539169658141931
section,0.000953914217260594
bank of,0.0009535554942781323
the event,0.0009523859376999057
shares subscribed,0.0009521681012621367
block,0.0009507777092420472
fiscal,0.0009506525656608285
offering,0.0009504692743259504
project in,0.0009504006486332051
will include,0.0009499576453166038
even,0.0009489124040119002
before taxes,0.0009477632216429441
bond,0.0009477310316015287
production of,0.0009463621979621119
us,0.0009462578499772048
million in,0.0009459612270287246
the country,0.0009457915928163174
member,0.0009454450494628727
technical,0.0009449476148319142
aldata,0.0009446508824251663
own shares,0.0009445969137402457
web,0.0009430536484189748
000 square,0.0009429017451277105
of 2011,0.0009412642678715381
subscribed for,0.0009410375253987904
continuing operations,0.0009405808585935154
of alma,0.0009399080039617119
prepaid,0.0009398359184069979
propose dividend,0.0009396635727237205
they will,0.0009389901322562612
make,0.0009389532199864141
leading,0.0009381531193805647
and distribution,0.0009379988440952026
property,0.0009367257220673119
is an,0.0009341691935410286
its business,0.0009336948585517798
analysis about,0.0009335140316960207
option rights,0.0009332918838703503
than in,0.0009329103574116261
growth of,0.0009326104381136496
operator,0.0009319619168436103
turnover of,0.0009311796086009074
newspapers,0.0009306169222481287
retailer,0.0009306032376154098
german,0.0009297995096603028
event,0.0009297743329914893
plants in,0.0009292378442593395
elcoteq se,0.0009290318839399232
45,0.0009286578860706938
park,0.000928261183803542
percent year,0.0009268328272770989
taxes decreased,0.0009261750780037188
market analysis,0.0009233963831391856
solution,0.0009227161156277433
eur 103,0.0009223141201965972
off,0.0009221970699236721
provide,0.0009213713511745114
published,0.0009210181184270366
fourth quarter,0.0009207949592226866
latvia,0.0009199871395458007
mln year,0.000919731492668829
tampere,0.0009196427839580018
improved by,0.0009192310784379758
fourth,0.0009187111541866763
eur 27,0.0009186082275828334
in both,0.0009185717699479735
impact,0.0009179993499315509
eur5,0.0009176992426480643
eur compared,0.0009167907593540368
ore,0.0009163994528328885
2007 compared,0.0009161103929661253
three months,0.0009158277237513743
scheme,0.0009158208969149802
summer,0.0009152520207866168
five,0.0009150412215957374
64,0.0009148296774895067
after the,0.000914449365648032
involved,0.0009139465655703695
mobile phone,0.0009133766209131962
agreements,0.0009131199733287682
based in,0.0009130239881784476
rapala,0.0009127239953444482
post,0.0009123221161735374
income increased,0.0009118292679796496
secure,0.0009116584463135332
markets in,0.0009115923377184495
norway,0.0009111183311168097
building and,0.0009105062752628491
by about,0.000910141947105639
systems provider,0.0009100311347817034
eur2 in,0.0009095300590535204
profit totalled,0.0009093730917091532
transfer to,0.000909288705441809
results,0.0009075099713229246
the baltic,0.0009074719006534019
brazil,0.000906955805898498
yesterday,0.0009066056167041031
staff,0.0009050425844091814
services and,0.0009048331693598086
cash,0.0009041449901989462
end,0.0009038263836208121
and equipment,0.0009035712116068234
also includes,0.0009034584864503057
comparable,0.000903239560334635
administration,0.0009031533940655091
from 48,0.0009031134668497877
cars,0.0009018613022820646
operating result,0.0009009586761900747
is quoted,0.00090086246914921
rating,0.0009007777778618067
consensus,0.0009005240425254284
investments,0.0008999713493801237
broadband,0.0008968964666612885
68,0.0008967341017189829
raised its,0.0008964859311474688
has signed,0.0008954374414495351
will also,0.0008943790681041848
banks,0.0008934292404439371
viking line,0.0008927962138391148
carried out,0.0008906809649368495
in terms,0.0008903976309083784
goods,0.0008903805038329764
quoted,0.0008899491748124697
will make,0.0008883730368083189
concerning,0.0008869803777688201
metso,0.0008865977613803937
five year,0.0008854028132192571
has received,0.0008852580565544244
life insurance,0.0008848750900398089
lead,0.0008834017370771287
quoted on,0.0008827766633952061
to euro,0.0008821748721214727
000 tonnes,0.000881714497572805
because,0.0008810862082275408
the pharmaceutical,0.000880945959730123
sales for,0.0008802431868741564
profit improved,0.00087976364139225
technology unit,0.0008794637581573096
life,0.0008792882247093264
by 14,0.000879193300384111
from eur2,0.0008791659894325552
finnish lifting,0.0008790655065481083
in sweden,0.000876823979495213
of percent,0.0008750802709451683
the steel,0.0008746674799939262
brands,0.0008746307253125247
rate,0.0008746213956961214
then,0.0008745543192994748
per cent,0.0008726271919539665
financial group,0.0008719733046673644
consolidated,0.0008712658320654163
teliasonera,0.0008709130324937567
the sale,0.0008706516234772025
its technology,0.0008706320158239163
million for,0.0008697828481171495
register,0.0008697504966341195
talentum,0.000869486211046093
products and,0.0008694821935084977
brewery,0.0008677170068217079
paper and,0.0008669825779038496
russian,0.0008664828295891506
divested,0.0008659795113150755
news feb,0.0008639711449850099
quarter net,0.0008635862964772572
activities,0.0008631574339888613
was,0.0008629755957455424
capital of,0.0008625342385754444
terms,0.0008623612490603786
mid,0.0008623131542520133
the quarter,0.0008619237830592263
company was,0.0008607903656276303
finnish it,0.0008602898623107404
solutions provider,0.0008602892497609242
wednesday,0.0008591146244236439
from net,0.0008586960121236237
in addition,0.0008580006651589085
indian,0.0008572622859568091
eur13,0.0008564341421327259
designs manufactures,0.0008544057518960991
june 2010,0.0008540129129731262
will increase,0.000853902561183831
company share,0.0008538137279597576
which is,0.000852385683953252
controlled,0.0008514959829627263
to deliver,0.0008507045867608062
owner,0.0008506642980015652
finland in,0.0008503520790798872
finnish software,0.0008495194679832367
at comparable,0.0008493214388789956
wholesale,0.0008472330418372737
01,0.0008470794370141801
viking,0.0008468914946455224
siemens networks,0.0008467623385928057
finnish steel,0.0008465572959653531
terms of,0.0008461613681364872
smaller,0.0008457854129519407
an operating,0.0008457627761653096
uk,0.0008455972196727328
in 2000,0.0008436748681643952
to have,0.0008433488193499027
percent and,0.0008430470360694115
corporation is,0.0008428184770067008
2009 and,0.0008425349278956441
private,0.0008423964848861769
systems supplier,0.0008420151083129484
participated,0.0008420128340253569
share price,0.0008418977906664399
order was,0.0008417012561794932
route,0.0008409539443127332
offshore,0.0008409495194993844
adpnews,0.000840519167098935
october 2010,0.0008404609818018605
black,0.0008400498827518981
members,0.0008396985826853568
and in,0.0008396108090963124
profitability,0.0008392290617952163
forecast,0.0008380662661292312
mobile phones,0.0008379096536706876
sek,0.0008378224769883818
full year,0.0008348345879622666
stages,0.0008327207059620553
holdings,0.0008325007709487282
rate of,0.0008322585389774967
in beer,0.0008321744354596062
on tuesday,0.0008318387230196254
enables the,0.0008300710494948744
etteplan,0.0008296232190933216
profit was,0.0008287465136275719
decrease,0.0008281212288536138
executed,0.0008278659001542894
day,0.0008270367866975696
investment in,0.0008269243694057931
subject,0.0008266583563400946
cooperation with,0.0008259748826588533
price target,0.000825488321976181
oriola kd,0.0008247068645510482
teleste,0.00082447526900456
engineering and,0.0008244644913179735
invest,0.0008241616835476083
competitive,0.0008239195565872575
local,0.0008225703158128597
àland reports,0.0008219799632364862
of strong,0.0008215334058788375
ragutis,0.0008213545746785
ownership,0.0008212566585932823
district of,0.0008207294858326599
be delivered,0.0008203272283460917
product development,0.0008200030358002085
released by,0.0008199796640206349
which has,0.0008198874988409195
deputy,0.0008192379344225766
and accessories,0.0008190533531754457
at some,0.0008188230834966438
primary,0.0008179165382237105
quarterly,0.0008176540418791172
2008 compared,0.0008176231791801557
the 2005,0.0008174937418742824
operational,0.0008160047336340208
composite,0.0008154750279898258
going,0.0008153772541960866
expected,0.0008152289307006322
industry company,0.0008150458912406075
eur0 and,0.0008141521600000836
april,0.0008140937875431778
continue to,0.0008137868679616507
stations,0.0008129621977711845
science and,0.0008125838741840515
filed,0.000812571771324206
conditions,0.0008124352747971367
report to,0.0008122398088642744
for these,0.0008119707945990068
trading,0.0008116490385984095
selected,0.0008115760215678754
food and,0.0008113396388374453
finland is,0.0008107570916039128
94,0.0008107321194317371
analysts,0.0008107164103213144
tallinn,0.0008105726678314837
effect on,0.0008104800000686023
an annual,0.0008103088640421818
planned to,0.0008100647675836594
at nokia,0.0008100088242104649
sites,0.0008099620486356156
for both,0.0008098194796949747
talks,0.000809515496668676
take effect,0.0008092888929062848
combined company,0.000809172353793377
others,0.0008088411925639682
british,0.0008087326789582718
the decision,0.0008086130989288896
study,0.000808586711316998
included in,0.0008085122474353697
focusing on,0.0008085001683191006
49 million,0.0008084715144964901
strategic,0.0008082697732086013
that of,0.0008080493361790297
in this,0.0008079747740214754
saint marcel,0.0008077778120377122
pct to,0.0008074347105047318
okmetic share,0.0008073645945667528
said yesterday,0.0008073436890294116
of 2012,0.0008071293415683417
asia,0.0008067683226704076
mining company,0.0008062845132659587
in cooperation,0.0008059405770981936
businesses,0.0008056352593684055
services is,0.0008053289206847745
room,0.0008049070557573408
is going,0.0008045769945306915
telecom,0.0008044088537732203
talvivaara mining,0.0008043372498199456
eur 18,0.0008039757790793936
address,0.0008039119557531203
eur 10,0.0008037897042205415
group net,0.0008036746857834107
id,0.000803612227068029
continued,0.0008034550080133204
operates in,0.0008034204875871099
the consolidated,0.0008030790354178968
distribution unit,0.0008029011265421378
euros in,0.0008028803864906666
designed,0.0008025278382983904
build,0.000801998644885545
profit before,0.0008018717500386435
big,0.0008017274871951757
operate,0.0008011292856481547
remainder,0.0008011116620944654
office space,0.0008011071278995944
data and,0.0008008133299315912
states,0.000800545497302703
needs,0.0008005398603186184
16 mn,0.0008004289940615034
company componenta,0.0008003617213929486
estonia,0.0008002902990726342
convertible,0.0008000211828346243
aspo,0.0007999305651949627
no financial,0.0007994520297958936
is to,0.0007992750918986155
eur 49,0.000799269809859781
15 mn,0.0007992203942927694
confirmed,0.0007989772004152765
against,0.0007987120729399012
on january,0.0007987069216215882
veneer,0.0007986117989713048
content of,0.000798546177183348
hel cth1v,0.0007981744307402979
nordstjernan,0.0007981388867314793
relocate,0.0007980741598765938
environmental,0.0007976655109289628
combined value,0.0007975793938224307
report profiles,0.000797346682718101
kd,0.0007968535063723406
plan,0.0007966868000231236
24,0.0007965323070407568
took,0.0007964277370110509
taxes was,0.0007964240456105314
recurring,0.0007964024493474101
the most,0.0007963063153982014
paint,0.0007959078009544419
bring,0.0007955008459173276
employs approximately,0.0007954142505847371
for industrial,0.0007953572191464407
hook manufacturing,0.0007948426987379071
on november,0.0007945701915474831
534,0.0007945268038456569
known,0.0007944404553413131
details of,0.0007942491440403107
stores and,0.0007940493743967637
events,0.0007940397870602065
carry,0.0007938891713576966
estate and,0.000793574402767509
be available,0.0007934715600439595
points,0.0007932559406347304
said the,0.0007925676231847776
should,0.0007925672580553713
of asphalt,0.0007922943990113804
invoices,0.0007922886052256276
technologies inc,0.0007922834124888746
business unit,0.0007919158235412435
eight,0.0007917804222415109
to make,0.0007915949841255785
registered,0.0007912644985829296
aim,0.0007912321856256541
in which,0.0007907859937786952
series shares,0.0007904812249772472
be carried,0.0007904669249257324
frozen,0.0007904315364086437
basis,0.0007904081658337426
professional,0.0007899791879752246
south korea,0.0007897854233012575
finland and,0.0007897596812869976
afternoon,0.0007894261336771203
concerning the,0.0007892379584659344
saint,0.0007884322415599092
her,0.0007883017477190017
100mn,0.0007873303847948886
company had,0.0007872781376455309
eur 100mn,0.0007872368992237357
code,0.0007865112658943689
of our,0.0007862446678900214
employees in,0.0007858872206864083
guidance,0.0007856949932738186
purchased,0.0007856059634718132
do,0.0007855857935843463
asphalt,0.0007855555227766641
200,0.000785390244426783
point,0.0007851289510952957
recent,0.0007848733984938006
independent,0.0007847661302236835
over the,0.0007847514330978419
holdings in,0.000784503321868625
is subsidiary,0.0007839841392886756
transportation,0.0007836742698998459
electricity,0.0007836634723311785
purchase price,0.0007835251622110961
related services,0.0007830457046109813
subsidiary of,0.000783003595588938
direct,0.0007829950574857901
to an,0.0007829027914924425
he will,0.0007824808652385735
models,0.0007822987948538998
its market,0.0007819939510674837
include personal,0.000781911901768223
order includes,0.0007814383029957651
the form,0.0007812505739804454
divisions,0.000781102267800172
given,0.0007810359346836087
including many,0.0007810029670913402
housing,0.0007806034219764085
will propose,0.0007805958677157168
and has,0.0007799997435807999
be included,0.0007799534199424316
low,0.0007797899119598308
by newstex,0.0007795953177849266
platform,0.0007795559370726817
cross country,0.0007792856148508151
in cash,0.000779146662047997
in april,0.0007790750721180594
deal includes,0.0007789645384401968
q2,0.0007784839054993551
sweden and,0.0007778922686653818
by percent,0.0007778166263549351
management and,0.0007777488461442587
poor,0.0007776101616480278
04,0.0007770054154827003
north america,0.0007769707199282734
mexico,0.0007766119579772159
price will,0.0007764477009419954
eur 16,0.0007761214879873608
its operating,0.0007756784133879403
services in,0.0007755057000045505
group of,0.0007754093730476306
newstex,0.0007749419494138471
ii,0.0007746622429933253
in other,0.0007741378465462313
figure,0.0007741378397954434
responsibility,0.000773989689495159
floor,0.000773737274779359
know,0.0007736036033521357
is over,0.0007734471846942316
poultry,0.0007733829120385301
taxes,0.0007731962024533742
report will,0.0007728113682684349
loans,0.0007727736853130709
set up,0.0007726764113151448
oriola,0.0007724251724832719
closed at,0.000772348696455791
go to,0.0007723028979819606
of other,0.0007721131126071077
decision to,0.0007720748006750134
payment of,0.0007718392669590336
based company,0.0007717734230402829
sees,0.0007717609157651684
in july,0.0007714283543336203
building services,0.0007711109451208385
spain,0.0007710344546055888
000 sq,0.0007709346359296648
short,0.0007709094985564357
is nearly,0.0007708933069419524
kemira,0.000770677978379577
loss per,0.0007702267142867487
results for,0.0007700250691417004
foods,0.0007699445940800778
ñl,0.0007697528561544431
glass,0.0007692343872299398
floor area,0.000769073368414329
the facility,0.0007687469485125724
eur 31,0.0007686616453559204
in an,0.0007686480072500793
press release,0.0007679579002115787
card,0.0007678331388981486
to eur0,0.000767178675541683
engineering services,0.0007671489567469092
grades,0.0007670354286740117
company board,0.0007668736751326751
financing,0.0007665697531394241
hand,0.0007663131540351363
please,0.0007659989007431302
fiskars corporation,0.0007657924214483701
by 10,0.0007656521073638755
powder coatings,0.000764967785160829
focus on,0.0007647760430423987
comes with,0.0007646433993937759
equipment and,0.0007640941233205135
in q2,0.000764089691798559
registration,0.0007636855692066019
ag,0.0007635832420259
in loudeac,0.0007630080044703284
bank plc,0.0007629685402593057
eur 15,0.000762906429248317
sellers,0.000762727143184329
establish,0.0007623274458566186
top,0.0007622878484896557
of 20,0.0007620724597922586
for 2006,0.0007614804084416132
commission,0.0007613382090411652
the operations,0.0007612832135476525
savcor,0.0007610501430098454
result of,0.0007606073195153345
the east,0.0007604482580006035
the latest,0.0007600341879017941
east,0.0007596212674356186
neste oil,0.0007592094104248838
home,0.0007591755972485675
form of,0.0007591045168433517
sells,0.0007590921278732955
is valued,0.0007588106069207898
delivery is,0.0007586694028494241
supermarkets,0.0007586211055538964
cent,0.0007583550643972676
square metres,0.0007580230943703973
21 million,0.0007576516910336179
buyout,0.0007576287354577397
important,0.0007575542927704361
compensation,0.0007565768391769587
installation of,0.0007565239464581105
for mobile,0.000756231513298871
chemical,0.0007555913957144524
by 22,0.0007553547254904593
000 usd,0.0007548023125059346
near,0.0007545597882710686
balance,0.0007540889810274074
construction is,0.000754079022502319
tel 358,0.0007529186393845503
of incap,0.0007525767029694403
as whole,0.000752511727986536
that makes,0.0007524875746142414
cth1v,0.0007522505437457297
organization,0.0007516487487301494
suominen,0.0007516283304352964
standards,0.0007515476609612306
finalized,0.0007513178830165451
method,0.0007512618025506583
infrastructure construction,0.0007506178308304662
share for,0.0007504492646740658
featuring,0.0007504234356268452
at its,0.0007503370611715947
range of,0.0007499807905771258
has no,0.0007499184431750028
for their,0.0007499043744006252
700,0.0007498645659784951
of content,0.0007498634407948487
be installed,0.0007494082599894808
subcontractors,0.0007493585842525404
the mobile,0.0007490160393731189
has an,0.000748980617890651
audio,0.0007488053259872824
raisio,0.0007485401533223052
change,0.0007483577031820108
parts,0.0007481714107741246
three,0.0007480391513646494
investor,0.0007479429255414163
cranes,0.0007479076328665735
ebrd,0.0007478720612222387
starting,0.000747780500446933
state of,0.0007476900009912486
technology company,0.0007472624151422093
form,0.0007471888378348332
eur 32,0.0007471821732817823
sampo plc,0.0007470725308493766
cth1v said,0.0007468937163056633
ifrs,0.0007467256304115284
container,0.0007466829242447725
the final,0.0007464602441413297
rest,0.0007463781783245523
cross,0.0007458969618141465
poyry,0.0007452515467965638
civil,0.0007450594821291848
mixed,0.00074504060074567
the summer,0.0007449804724800712
technical building,0.0007446478414566553
touch,0.000744606050131115
directors will,0.0007437300361976428
subscribed with,0.0007436369932925283
eur billion,0.00074314359584236
communication and,0.0007431326235552688
austria,0.0007431268580124247
the energy,0.000743110099260083
give,0.0007430397955516953
oko,0.0007421011747501481
transport,0.0007420963308725996
corporation will,0.0007418007283252771
controlling,0.000741636402518982
358,0.0007415451419684703
20 mln,0.0007407077637649267
orders received,0.0007405398335320212
wireless,0.0007401967641314614
building construction,0.0007398067084621224
started the,0.0007394862903033476
total of,0.0007394447568096657
of financial,0.000738826513047115
eur 33,0.0007388007332960667
call,0.0007387936412579623
the markets,0.000738715248095819
completion of,0.0007386905690362845
facility will,0.0007381889340231076
the net,0.0007375883211119858
eur 12,0.0007374844045514819
entire,0.000737452153503218
is divided,0.0007374350382403108
going to,0.0007374026374939485
accounting period,0.0007371826782577453
its stake,0.0007371773568530859
newspaper,0.0007370124676968741
properties in,0.0007368385359731174
of any,0.0007362890701106124
the swedish,0.0007360967171255489
calculated,0.0007353290872542678
showed,0.0007351118374856264
the equipment,0.000734471223793849
gmbh,0.0007342704960152646
total number,0.0007340619915845173
botnia,0.0007337083598530543
oyj net,0.0007336765369534793
january 2011,0.0007334190893487453
through the,0.000733351540548893
face,0.0007332563742406416
statements for,0.0007331135805868395
at any,0.0007330989073616969
otherwise,0.0007330298846694979
the growth,0.0007329000502742493
takeover,0.0007326838053197647
producers,0.0007318969098322361
countries,0.0007314896809194873
liquid,0.0007314193705500239
performance in,0.0007313700418263698
exchange release,0.0007303256551828938
securities,0.0007301738265853506
week,0.0007301228241421953
managing director,0.0007298774971988859
oy is,0.000729510921990525
steel industry,0.0007294590852015105
sea,0.0007294155597750575
the bank,0.000729312190459418
is some,0.0007292610739063663
quality,0.0007291153992546303
be finalized,0.0007288959338441077
could,0.0007286181919518806
solutions and,0.0007280250674675826
business units,0.0007279126049778731
recently,0.0007278651773124448
friday,0.0007276512286531618
salcomp,0.0007271483462487843
reached,0.0007265381949730147
proposal,0.000726401772236758
services published,0.0007263719086935147
the proposal,0.0007260102084484526
being developed,0.000726001569273275
controlled by,0.0007257605168289359
swedish,0.0007243515312793589
items was,0.0007243194404363353
the entire,0.0007243128513077705
president and,0.0007241720140314234
japan,0.0007241275703253529
attached to,0.0007239502342838622
conference call,0.0007229880865019583
houses,0.0007228230053571603
the internet,0.0007225814511943442
preliminary,0.0007220189361707361
26,0.000721908454797087
not yet,0.0007218846437388128
supplies,0.0007217760086477276
scandinavian,0.0007210297095584104
yet,0.000720956574514841
jan,0.0007206867986472642
incap,0.0007206193784019839
the issue,0.0007202911813383288
partner,0.0007202319985587014
rights attached,0.000719586983217871
posted net,0.0007195732252124603
become,0.0007194005331372009
the largest,0.0007193012717088899
after,0.0007192109768344862
products for,0.0007191124949669802
the manufacturing,0.0007189022819399796
projects and,0.0007188088756346286
among,0.0007184298545101883
ahlstrom corporation,0.0007180451089849019
pharmaceutical markets,0.0007179065945505463
live,0.0007175110144517266
in poland,0.0007173610888451721
the deliveries,0.0007171192646484066
the uk,0.0007166372301420374
the czech,0.0007164907729853908
solutions developer,0.0007160254739670302
strengthen,0.0007160186032332995
start of,0.0007159598343380603
by 40,0.000715482735582359
in china,0.0007154620671940816
and ceo,0.0007144703624449037
recurring items,0.0007136680575549585
stainless steel,0.0007133376243664437
comments,0.0007132764778043839
that the,0.0007130396413857605
charging and,0.0007126453666696464
convergent,0.0007113822957357974
storage,0.0007111113845293598
food,0.0007111112702308686
shares will,0.0007107398367994904
prepaid and,0.0007107358751147875
contact,0.000709681422234844
foreign,0.0007093622735389179
recently market,0.0007091497959051526
have about,0.0007090500394038552
completed by,0.000708952805673475
forecasts,0.0007088564256302519
53,0.0007086830556543712
of natural,0.0007086146722143792
pharmaceutical market,0.0007084638389051581
eur 30mn,0.0007077509374916994
published recently,0.0007072849395340595
group reports,0.0007065421761006924
post paid,0.0007060733553789395
ponsse,0.0007053247737439871
house,0.0007050198009755694
period the,0.000704994270599675
contract manufacturing,0.0007048282197571604
its own,0.0007048061791561138
convergent charging,0.0007047920101429298
the interim,0.0007045888316337356
fair,0.000704286934563604
of mobile,0.0007041275676301661
in december,0.0007038166591571176
of net,0.0007033089423904097
include the,0.0007023983698450205
of your,0.0007023676092357861
asian,0.000702267795126643
period was,0.0007020361400931817
team,0.0007016990213883006
eur 21,0.0007009045527446604
statement,0.0007008858080366341
services for,0.0007004669632052347
less,0.000700209523486816
nokia and,0.0006993014823756545
switzerland,0.0006990731954254484
changes to,0.0006983771706232228
the fair,0.0006983184360862787
the product,0.0006982880625919105
addition to,0.0006982258314397798
systems and,0.0006981393574488134
olvi,0.0006979451770226689
vaahto,0.0006978075933062629
133,0.0006977692486204097
than expected,0.000697634379097048
2008 at,0.0006975363281421339
eur 40,0.0006969474264210177
billing,0.0006965525040461967
the amount,0.0006959061638391004
coated,0.0006951954267558738
the restructuring,0.0006951752950255373
john,0.0006950063452940378
system for,0.0006946202958395655
september 2009,0.0006944977382738275
middle,0.0006943950592812694
conducted,0.0006942505072385566
prices and,0.0006941417954988312
of voice,0.0006941250024069589
installed,0.0006940311025934866
owned by,0.0006933774761075077
communication,0.0006932799430448415
for prepaid,0.0006932358051591757
vaisala,0.0006927448777948059
the airline,0.0006920899098737613
its production,0.0006916475298287411
affecto,0.0006916205116159143
pension,0.000691324806244298
from x20ac,0.0006905029200665969
financial year,0.0006904959098886522
103,0.0006904087763663239
to 10,0.0006901001572073072
public,0.000689747912192434
january march,0.000689664528531111
the two,0.0006895222557953329
providing,0.0006894352489797544
carriers,0.0006892262278731358
involved in,0.0006892008300784091
000 euro,0.0006889528618277516
economic,0.0006887232536946209
both mobile,0.0006883878620981362
data traffic,0.0006878746275406805
test,0.0006877609474612325
the maximum,0.0006874632246999978
eur 36,0.0006872694685219252
the operating,0.0006871434143904197
suomen,0.0006868664767016974
10 in,0.0006865864553749353
fiscal year,0.0006864854614072356
concrete,0.0006864282165974144
shares are,0.0006862242196047479
says the,0.0006858560756087627
aldata solution,0.0006855238111484993
rating of,0.0006839615242162703
non recurring,0.0006838345132900654
contract manufacturer,0.0006831603169979614
the building,0.0006826694816100946
so,0.0006820010988270866
the result,0.0006815155113546779
machine,0.0006813677715437758
custom,0.0006804949835765256
light,0.0006802627725307474
from eur13,0.0006799721046189103
cause,0.0006789978657468812
for 2009,0.0006783187648562118
best,0.0006782274983416404
producer,0.0006780132988653455
2003,0.0006780015756829637
implementation,0.0006773625780924369
decreased from,0.0006772307925038238
suominen corporation,0.0006770938593583539
is owned,0.000676108771996181
further information,0.0006750151718597706
22,0.0006731341380498043
of 11,0.0006725193630671899
raw,0.0006723585665750448
finnish shipping,0.0006721849384175368
thus,0.0006713097986284186
sales of,0.0006704297058614406
versus net,0.0006703620100069855
currency,0.0006690906490260315
11 mn,0.0006689158907072356
sales will,0.0006675025003468755
index,0.0006673771502647068
refining,0.0006668256049673931
nok,0.0006659140086624146
paid billing,0.0006658806825618369
finnish financial,0.0006652112410066944
eur2m,0.0006648440766414091
81,0.0006640502915220195
of eur1,0.000663893232061672
interim report,0.0006633014712257062
with this,0.0006625147329964643
fair value,0.0006622359925330442
but the,0.0006608085240266535
standard,0.0006603078471442319
items totalled,0.0006594433378538645
estimated,0.0006590433565216087
africa,0.0006589690202358698
september 2008,0.0006582602652472943
it also,0.0006580120629315231
finland the,0.0006571479942527756
the division,0.0006571354991923115
forestry,0.0006568289998541945
export,0.0006567816843139422
america,0.0006567371702156148
helsinki thomson,0.0006563246060451497
danske bank,0.0006562867135001403
oyj abp,0.0006559788112520747
expenses,0.0006539745851785165
much,0.0006534625720134128
whole 2010,0.0006533566373616357
the helsinki,0.0006531117636255423
handling,0.0006527284309771363
flights,0.0006514515491238598
from 33,0.0006512861314761697
because of,0.0006510051297395849
fiskars brands,0.0006499595835319225
plumbing,0.0006496610076670416
saw its,0.0006494637371320543
aspocomp,0.0006493645848397216
consolidated net,0.0006493590400572575
it has,0.0006491197287601877
handset market,0.0006473267275683979
bln,0.0006469213216133259
on investment,0.0006466187944629015
november 13,0.0006448784081774619
they are,0.0006443385656674142
21 mn,0.0006437285366137413
from continuing,0.000643440909026303
kalmar,0.0006433826302889846
percent in,0.0006433271297439244
estimated to,0.000642989064466013
neste,0.0006426227732930093
ixonos,0.0006424676608989604
the firm,0.0006422896164609846
sales totalled,0.0006422535089568304
book,0.0006421696293483153
high,0.0006420573800058394
selling,0.0006409153275353928
30 mn,0.0006408732731818544
from eur1,0.0006406106246820334
airline,0.0006402817550721836
period last,0.0006402076736373696
cash flow,0.0006400704482292811
ñnnen,0.0006396808674963145
56,0.0006391052658136691
it was,0.0006389802907158392
packaging,0.0006382647408055025
12 month,0.0006381381303366587
tecnomen,0.0006372238571586643
digia,0.0006372225656226732
oil,0.0006369737995715641
comparable operating,0.0006369570471231268
morgan,0.0006356435074961097
256,0.0006354813607804468
57,0.0006350711288174666
granted,0.0006346660193597468
software developer,0.0006341880300138705
defense,0.0006341737988641476
several,0.0006340135886009695
lithuania,0.0006339792295480812
2007 and,0.0006331242345589482
share of,0.0006325487459892641
47,0.0006325261388424394
of afx,0.0006319786335595524
almost,0.0006311083456639755
cooperation,0.0006308640942370188
bhushan,0.0006303404312494792
analyst,0.0006264752287374243
reporting,0.0006260804263694743
size,0.0006243636700121025
vmc,0.0006242829363088413
elisa,0.0006242164994048658
quarter and,0.0006235480818441465
they,0.0006228735876713204
seen,0.0006220652512771884
computer,0.0006201864742596782
working,0.0006201494605164803
eur 38,0.0006196823742916015
ñnnen tehtaat,0.0006196310657616944
residential,0.0006196160946948123
management of,0.0006194791201989246
consolidated operating,0.0006193951194770744
the city,0.0006193556512735166
afx news,0.0006192867097258793
operation,0.0006192243881914627
while,0.0006189846498644559
will remain,0.0006183929521332214
its full,0.0006180547168488523
be able,0.0006172705788698208
at eur,0.0006169435984378078
bhushan steel,0.0006166182402553632
bn in,0.000616349234493191
finnish construction,0.000615297016859253
from its,0.0006149840963073377
60,0.0006144042653013671
tests,0.0006143322493449819
on friday,0.0006136120348206657
store,0.0006135534359626126
is not,0.0006131169833613868
collection,0.0006129739756921366
january 2010,0.0006114877851151728
kone,0.0006111145635366971
sold in,0.0006105121986841887
company reported,0.0006104124674809736
average,0.0006103026854790928
order book,0.0006100216079598211
hel afe1v,0.0006099953551835139
commission income,0.0006089375529062905
diluted earnings,0.000608793161097773
raw material,0.0006086452197346371
look,0.0006081533082699287
the situation,0.000608112469403818
provider affecto,0.0006080026229428417
h1,0.000607653307878855
by 16,0.0006076276569676778
tehtaat,0.0006071982373930164
tiimari,0.0006070029247339176
billion in,0.0006069575561132676
on swedish,0.000606925916362451
wood products,0.0006066261823867038
tm,0.0006060128936355747
plate,0.000605554733518297
road,0.0006041366090940282
and will,0.0006040880121920548
bridge,0.0006031925827343806
danske,0.0006028814755738649
eur 26,0.0006025285329839945
from operations,0.0006022644344716076
biggest,0.0006021156834775132
aluminium,0.0006014063578999111
manufacturers,0.0006010612203150119
48,0.0006002030806662371
finnish time,0.0005999048553083396
structures,0.0005999040150107283
yit,0.00059978626528521
year 2008,0.000599494011637647
format,0.0005993366079745107
economy,0.0005992249154001549
accounting,0.0005990251025242885
connectivity,0.0005981289846873448
sales growth,0.0005981246581161767
the start,0.0005978956883846895
delivery,0.0005978794764358636
ground,0.0005976708430444495
ruukki said,0.0005976171950599265
tel,0.0005974152862079006
september 2007,0.0005965586210618636
baltic countries,0.0005961360987191832
have an,0.0005960894508729202
supply of,0.0005953154786499566
cargotec,0.0005947469944955735
electronic format,0.0005947362274738162
target of,0.0005942102044279208
second largest,0.0005939490906770077
products in,0.0005936190972226587
gift,0.0005933268806315607
fifth,0.0005928541635197323
pulp,0.0005927848108985611
annually,0.0005927161783633157
operations of,0.0005925154776764789
eur 39,0.0005923540623631874
in net,0.0005921775019473367
construction and,0.0005920577930717294
excess of,0.0005915046906652458
stone,0.0005907942206034959
pricing,0.000590749862745205
ilkka,0.0005903711005451538
boats,0.0005901033679600966
circuit,0.0005899953162602269
biotie,0.0005892425999948562
from operating,0.000589066048649196
dealers,0.000588557333308898
hold,0.0005885125505413115
proposed,0.0005884260791189797
metals,0.000587924238158679
sales were,0.0005876454863731568
consultancy,0.0005876447263648808
giant,0.0005874072142406088
making,0.0005861686080898382
said thursday,0.0005861483457272783
turnover,0.0005855489511177641
australia,0.0005847858955613439
contracts,0.0005843954270450888
85,0.0005841202226877333
nokia corp,0.0005834019116881165
ended,0.0005833134412892263
may 2010,0.0005831216671908803
to buy,0.0005826699040310184
united,0.0005826150525275646
10 pct,0.0005820880911509052
maker rautaruukki,0.0005819602681826363
manufactured,0.0005819513364032271
february 2011,0.0005815460950620541
55,0.0005811297555582856
sold,0.0005811002101849281
place on,0.0005808288382728334
in october,0.0005806639589591713
today that,0.0005803226436364294
said net,0.0005801216579019425
red,0.0005797498068881116
stonesoft,0.0005795245513568661
fuel,0.0005795152672660325
business operations,0.0005792432320655992
gothenburg,0.0005792247565949102
booked in,0.0005792241397834131
in excess,0.0005792161975043124
main,0.0005789473007246554
booked,0.000578638739188018
for 2008,0.000578368216555327
met,0.0005782544836864385
cutting,0.000578058259758614
produced,0.0005778334430118293
will continue,0.000577630618691876
the global,0.0005771641469445236
treatment products,0.0005771480836912373
department store,0.0005771059267934325
ceo of,0.0005768268141480661
generation,0.0005767348544357812
development and,0.0005764104821457659
commercial,0.0005762126190181487
solteq,0.0005759671555200776
sales and,0.0005758676328545011
on july,0.000575855844292093
company expects,0.0005746062797005442
stood,0.0005745559091915877
of customers,0.0005742242664679563
there are,0.0005737298796425004
hot,0.0005735406942218049
planning,0.000573480434316719
year and,0.0005732880167327798
okmetic oyj,0.0005731451099792747
electronics industry,0.0005726025769648053
the major,0.0005717464707928532
eur15,0.0005716230600028304
publishing,0.0005706456838929473
volume of,0.0005704305985827893
40 million,0.0005701179671118602
staff members,0.0005700743539801553
incap contract,0.0005699720238163444
city,0.0005695533169387144
products such,0.0005687861135221476
in sales,0.0005686086055949304
laboratory,0.0005680975537936584
supply and,0.0005677975030188311
hk,0.0005677904489205466
supported,0.0005676065281300784
rtrks or,0.0005673127238592492
asa,0.000567288706362296
december 2007,0.0005670149555428945
cencorp corporation,0.0005669206177385186
the biggest,0.0005662445025441333
the main,0.0005661017052686144
machines,0.0005658924738623097
for 2010,0.0005650706727093036
in september,0.0005649542602567721
bonds,0.000564639759224018
of which,0.0005645054917854763
telko,0.0005644205652246846
the brand,0.0005640771226094578
in latvia,0.0005640763821009868
shares of,0.0005635119729114239
elected,0.0005634439511634334
dec,0.0005630853791175185
shipments,0.0005630351091389757
partly,0.000562802043663169
2010 to,0.0005617738634464217
hel rtrks,0.0005615662647765447
the last,0.0005614503530859253
operating activities,0.0005613774796607821
hk ruokatalo,0.0005605041471876427
agreed,0.0005603374102902222
tools,0.0005601956934645131
routes,0.0005601129993504665
domestic,0.0005597729636196779
shipping company,0.0005596822334933765
chartered,0.0005595253270692513
46,0.0005595025607408975
in north,0.0005589961763560347
flow,0.0005588524689134524
continue,0.0005583827451916769
communications products,0.000557776221847746
player,0.0005577689118675242
vehicles,0.0005576832227352487
some eur,0.0005574827022771174
business in,0.0005573621584654597
electrical,0.0005572305209399903
or ruukki,0.0005572087700343599
eur 152,0.0005570506862117829
early afternoon,0.0005568077404208148
silicon,0.0005567412235783954
at 13,0.0005567065484659864
000 tons,0.0005565887707594772
group operating,0.000556296397192135
general manager,0.0005561804371125927
corporation fiskars,0.000556008715365347
dongguan,0.0005543881117392818
eur7,0.0005540666319040914
machinery and,0.0005539723112996543
group oyj,0.0005539112673677177
fishing,0.0005538637393233413
consumers,0.0005537115641021727
uponor,0.0005536857034918654
barclays,0.0005536684781151633
per year,0.0005535267032436002
in all,0.0005534155657696743
telecommunications,0.0005524728396780223
effect,0.0005517772205445372
company investment,0.0005509664376881644
march 2008,0.0005502725275677784
upm,0.0005501082269591122
short term,0.0005497559226845647
the end,0.0005494636243780927
its customers,0.0005491582882332406
amount of,0.0005490876841324784
of new,0.0005485227626396398
ferry,0.0005484727933296696
eur0 12,0.0005483930410324811
34,0.0005476246363595683
size of,0.0005470024553905026
crowns,0.0005469072275395801
locations,0.0005467422977733665
old,0.000546629630371703
cramo,0.000545937539185759
russia and,0.0005455000652336687
vacon,0.00054532941045405
readers,0.0005449495181789614
finland based,0.0005442874191183915
the whole,0.0005442849627288289
phone chargers,0.000543940664004342
frozen foods,0.0005438992486986998
to provide,0.0005437577290363896
vat,0.0005436099016375381
north,0.0005435974498298837
retail chain,0.0005434118620958689
solutions business,0.0005431914633963613
satama,0.0005426964287592767
plans,0.0005426696682306198
hardware,0.0005420272801574621
reports net,0.0005416846454205511
involves,0.0005414966030867668
print,0.0005409383763779245
ski,0.0005407801271885162
àland,0.0005406920533505162
original,0.0005395823852094638
10 30,0.0005395486442840174
so called,0.0005394312085179624
2010 at,0.0005390099188157738
car,0.0005385826592604807
software for,0.0005385086988688283
on september,0.0005379217651652133
operated,0.0005369991024347689
grain,0.0005363233568102722
ruokatalo,0.0005362623923715931
hkscan,0.0005361291752820485
thomson financial,0.0005355374686549469
plans to,0.0005352220796823162
30,0.0005348172082330178
eur 42,0.0005343471028702813
autumn,0.0005337759507907075
excess,0.0005334815385516804
of àland,0.0005334796027715207
finnish silicon,0.0005329764922527069
example,0.0005317607761782855
eur 25mn,0.0005317093909381534
including the,0.0005312027365522798
eur 30,0.0005306630710470667
oyj posted,0.0005303034146599909
baltic sea,0.000529817990014119
port,0.0005295262698511723
shares in,0.0005291464465201613
be in,0.0005291196137614306
also be,0.000528271607202708
hall,0.000526408980445072
sanomat,0.0005260452033524929
thursday,0.00052545616495422
summary,0.0005250690965623124
the address,0.0005237811863854716
in gothenburg,0.0005231591882703484
germany and,0.0005229699746599634
its annual,0.000521995723945247
orange,0.0005218106210738304
production lines,0.0005204419465349601
end of,0.0005200643493559796
eur6,0.0005199639515495771
for example,0.0005199603902219119
finnish food,0.0005197432842565752
eur6 in,0.0005196698248575891
controller,0.0005187065146908787
technopolis,0.0005183388879014559
caused,0.0005180301336327901
growing,0.0005178962838543415
oyj omx,0.0005177531211911204
02,0.0005177068949233761
sheet,0.0005175389419203539
samsung,0.0005166371577061824
device,0.000516633256403016
forest industry,0.000516205232531579
officer,0.0005161427482732746
repurchased,0.0005161227250757108
parties,0.000515332472555679
august,0.0005144305359421245
director for,0.0005141972868322643
13 mn,0.0005139246586202998
retail and,0.0005138780099532253
75,0.0005133416291325041
electronics manufacturing,0.0005129649655060044
peeling,0.0005126668393635671
proportion,0.0005125346696230144
company which,0.0005124268253185052
nickel,0.0005115411156077889
specialty,0.0005114953324668626
re,0.0005113862149278606
09,0.0005112967111239369
drives,0.0005112598907641739
especially,0.0005107230565642918
relations,0.000510610292413668
small,0.0005095490160697522
company stock,0.000509340501206279
fortum,0.0005090972789010747
invoice,0.0005083302427805268
huhtamaki,0.0005082838866209051
composites,0.0005080410424116165
garden,0.0005079851712489514
remained,0.0005079476250865297
southern,0.000507784715936778
ebitda,0.0005076346044421684
directors has,0.0005074443953922313
could be,0.0005072654844267513
investment group,0.0005071875582902842
orion,0.0005071371283766913
chief,0.000506841010152583
eur 13,0.0005060430605093367
on october,0.0005059766621910352
position in,0.0005059442444719415
effective,0.0005057104945868661
efficiency,0.0005055180476277512
at x20ac,0.0005048589271854368
152,0.0005048204331512658
sales totaled,0.0005048120446575537
of yit,0.0005045828868475816
99,0.0005045092825307158
band,0.0005041712686371996
distributor,0.0005041607029090853
for four,0.0005039191413645714
specialist,0.0005030774655358494
sanoma news,0.0005027617766721974
71,0.0005014454519522408
ramirent,0.0005004343090598589
raw materials,0.0005003997378957532
the sales,0.0005003287219215164
having,0.0005000890809000203
benefon,0.000499937439472333
abp,0.0004987799999542258
office properties,0.0004975655080911109
shares closed,0.0004968457438864491
that is,0.000495952900097246
teleste oyj,0.0004950766142233476
thomson,0.0004949202280300145
operation in,0.000494914431343923
structure and,0.0004947967696874648
changed,0.0004946202492702172
the us,0.0004936427208653315
gas,0.0004933551450301167
work,0.0004911494802330006
competition,0.0004909550725194835
purchases,0.000490875396341087
whole,0.0004908645031681127
the industry,0.0004903727684447957
pharmaceuticals,0.0004898902448669014
terminal,0.0004888331970009451
where the,0.0004882542832263734
the financial,0.00048804123566069846
the move,0.00048745670334954103
cents,0.00048742393518782476
capital markets,0.00048727807586212334
correspond,0.00048718288871316416
jarmo,0.00048677351460732856
hel tlt1v,0.0004864991777279602
summer of,0.0004858112124518753
ireland,0.0004847095970507477
available for,0.0004842277238284026
balance sheet,0.0004836587979995142
operated by,0.0004835643722869068
properties,0.00048263810928496776
hkscan finland,0.00048219462301970475
data communication,0.00048215813769763037
review,0.00048201916052410397
heating,0.00048176725335726916
12 per,0.00048174079300772
existing,0.0004806200653864214
ratio,0.00048021211207487015
06,0.0004799278283274674
mln in,0.0004793679050253595
eur4,0.00047891740553767845
up to,0.00047849871579421307
as part,0.0004780909497922605
eur 22,0.00047726756321064085
broadband data,0.0004769789335496534
and to,0.00047622376235496893
has also,0.0004741116369632117
addition,0.00047383257626684196
family,0.0004734684053256171
papers,0.0004728404054141454
tecnotree,0.00047275340430467304
blue,0.0004722289017718431
of 10,0.00047207870941510345
eur3,0.0004713087576087176
10 mln,0.0004710242532304264
65,0.0004700983831912577
stood at,0.0004697715994725312
of march,0.000469064406248772
it solutions,0.00046898541040276895
wipes,0.0004689733610120079
portfolio,0.0004689467236248729
finnish broadband,0.0004685204916517325
from 12,0.00046794710734958584
changes in,0.0004659505499127634
software solutions,0.0004658570666738261
north american,0.00046568186793707
department,0.0004653607365709879
products as,0.0004649324489207588
southern finland,0.00046441020375266953
nyberg,0.00046438105895651923
of pulp,0.00046418274401783036
consumer goods,0.00046380160552667433
norwegian,0.00046359766711182395
elevators,0.00046355999717679377
provided with,0.00046304600665820106
pacific,0.00046194874000605416
communication systems,0.00046182888493729023
investment properties,0.00046059134589174086
shipping,0.000460427989327654
stockholm,0.00045919897947111583
rautaruukki oyj,0.0004583251964709922
service to,0.00045824293821022244
factors,0.0004572271581324785
an international,0.0004564729623005381
will have,0.0004556507233513259
changes,0.00045542806327126314
enterprise,0.0004553791306708889
the chairman,0.0004553671726986548
in profit,0.0004546963563440192
of finnish,0.00045449569559279904
july september,0.00045430026940411337
consumption,0.0004533780852006138
import,0.00045337291996863947
glass processing,0.00045332995965663745
said that,0.00045308418347858614
place,0.00045227777514209846
traffic,0.0004521062451790853
cut,0.00045126716895535935
estimate,0.0004510086845308623
61,0.0004507106683952261
handling solutions,0.0004495555462701898
the current,0.00044885276281617553
supported by,0.0004473991263281496
april 2010,0.00044511096146723685
iron,0.00044507084645446933
20,0.00044446366984173555
goldman sachs,0.0004443380675252053
smoking,0.0004425153749015889
in november,0.00044213731031455996
540,0.0004415370044714083
iron ore,0.0004410015751568856
recorded,0.0004409450705921165
move,0.00044024165929510545
sachs,0.00043997262772839727
solution oyj,0.000439484528648436
food industry,0.00043939385774212055
eur 35,0.00043735574292566137
large,0.0004366900543741947
51,0.0004362926883642629
manufacturing services,0.00043597289315123116
status,0.0004339772205708774
consulting and,0.00043360536312248623
non life,0.0004327998717144336
restructuring costs,0.000432686801425371
overall,0.00043262163940464105
140,0.0004320884899068992
clinical,0.00043179231182273106
phase,0.00043150270330396
on monday,0.00043131273091559806
for other,0.00043103248098651746
companies in,0.00043101711384205016
eur 25,0.0004306281774951551
slide,0.00042927826822377273
cargo handling,0.00042824228023728976
86,0.00042748989312661685
impact on,0.00042706324652979564
exports,0.0004259045725890655
consulting,0.00042523239379622636
the five,0.0004250153385589944
raiffeisen,0.00042460650793575585
infrastructure and,0.0004236759701194231
february 2009,0.00042366665429379206
location,0.0004234312602239487
74,0.0004231420761901367
enable,0.00042251218665488366
carrier,0.0004220910269856095
eu,0.0004220505841598521
eastern,0.0004212343392396766
flow from,0.00042045007608226213
world,0.0004199724890093752
subscriptions,0.0004199355021020749
in early,0.00041929550783445133
pilot,0.0004192498290769916
gave,0.0004166294534573825
eur 50,0.000415392137482332
nonwovens,0.0004141564436394533
sciard,0.0004140101389446847
72,0.00041356122397068716
bertrand sciard,0.0004134149020353316
investments in,0.00041328127608518736
finnish company,0.0004132286214962137
exchange rates,0.0004128889721748105
and now,0.0004128439369375928
goldman,0.0004120416892759645
the middle,0.000411978904715102
handling and,0.00041190282214862155
tallink,0.00041188573986885625
profit amounted,0.00041161140456689484
on wednesday,0.0004111400538931673
was 13,0.00041071184862738307
production capacity,0.00041046749444271444
royal,0.0004100591696631324
side,0.0004091966599408794
within,0.00040880850644938897
sampo bank,0.00040878350198965174
publication,0.0004081647591386162
to finnish,0.00040738921794674737
source,0.0004072567172602876
eur 57,0.00040625776470530346
bertrand,0.00040572126732941056
enso,0.0004037959101043694
stora,0.0004035078629559257
àm,0.0004027010229805201
potential,0.00040144160813730077
finnlines,0.000400768915876529
in northern,0.0004005634172779924
revenue in,0.00039981529821542103
àm ñl,0.00039975963875405883
deal is,0.0003996168502354552
reported net,0.0003969172771324696
clients,0.0003968911274491882
2006 the,0.0003952916856252598
rtrks,0.0003937293434178568
finnish suominen,0.00039299232016276484
on thursday,0.00039286832635993267
told,0.00039286363850189
forssa,0.0003926355515159726
flexible packaging,0.00039254167444159415
counter,0.00039225385189634694
group and,0.0003922398332280776
managed,0.00039124463658709636
was the,0.0003899321305957714
finnish bank,0.0003890287880279169
eur 60,0.00038705276467659454
invested,0.0003862520578485399
63,0.000385245013564361
of eur0,0.00038513797928762107
corporation stock,0.00038487240509873485
eur 20mn,0.00038303393059676443
eur 51,0.0003829401639137464
the early,0.00038282581192629296
invested in,0.00038178742245189586
current,0.0003815515096777738
eur 45,0.0003806028709812344
outotec oyj,0.00037910226609987714
bid,0.00037665849638471327
of more,0.0003762888453546142
care,0.0003736918248021434
marimekko,0.0003731536303803382
on its,0.0003730630496396191
billion for,0.0003719897819711606
liquid handling,0.00037189544983938836
stora enso,0.00037096257718060855
nonwovens and,0.0003696551851045577
expects its,0.0003693263381189044
sweden,0.0003689680466981568
tietoenator,0.0003688522598576625
euro billion,0.0003677734337388145
flexible,0.0003672770677467103
the world,0.00036347830089637745
of eur2,0.000360946504402099
corporation that,0.0003559721167102746
sto,0.000355718324836425
august 2010,0.0003556186123381138
diagnostic,0.00035522537303519277
finnish investment,0.0003529778228585071
automation,0.00035281106788593225
significantly,0.00035225015526313815
northern,0.00035175615018158326
eur 500,0.00035134649046069527
telenor,0.00034953572234292445
and engineering,0.00034542520175756655
lemminkainen,0.0003446389651527652
share was,0.00034255552643267114
out of,0.0003397341544103007
chargers,0.0003391512343542788
city of,0.00033373108959210596
25mn,0.0003227204035359466
qpr,0.00029865260285424553
restructuring,0.00029827368081937396
early,0.00029806358871871516
biohit,0.0002969978919547926
additional,0.000290171795747132
35 mn,0.00028830819804372956
euros and,0.00028374386149816
november,0.00025423721749531656
