method,frac_removed,prob,example_idx
IG,0.0,0.8369767665863037,0
IG,0.1,0.8899863362312317,0
IG,0.3,0.8131292462348938,0
IG,0.5,0.6773192286491394,0
IG,0.0,0.881271481513977,1
IG,0.1,0.8686578273773193,1
IG,0.3,0.8438827395439148,1
IG,0.5,0.864858090877533,1
IG,0.0,0.6366661190986633,2
IG,0.1,0.6335256099700928,2
IG,0.3,0.08642566949129105,2
IG,0.5,0.05210912972688675,2
IG,0.0,0.9255444407463074,3
IG,0.1,0.6437037587165833,3
IG,0.3,0.3091520667076111,3
IG,0.5,0.2398635894060135,3
IG,0.0,0.9365779161453247,4
IG,0.1,0.9378052353858948,4
IG,0.3,0.9447633028030396,4
IG,0.5,0.9408429861068726,4
IG,0.0,0.930913507938385,5
IG,0.1,0.9409588575363159,5
IG,0.3,0.90821772813797,5
IG,0.5,0.8433576822280884,5
IG,0.0,0.671546220779419,6
IG,0.1,0.053921740502119064,6
IG,0.3,0.026705952361226082,6
IG,0.5,0.03257722780108452,6
IG,0.0,0.9524285793304443,7
IG,0.1,0.9390318393707275,7
IG,0.3,0.930158257484436,7
IG,0.5,0.9101909399032593,7
IG,0.0,0.8879339098930359,8
IG,0.1,0.05568167567253113,8
IG,0.3,0.05664210021495819,8
IG,0.5,0.11163945496082306,8
IG,0.0,0.43152913451194763,9
IG,0.1,0.15433071553707123,9
IG,0.3,0.01577604003250599,9
IG,0.5,0.00987800769507885,9
IG,0.0,0.9081827402114868,10
IG,0.1,0.9232403635978699,10
IG,0.3,0.9403246641159058,10
IG,0.5,0.9412292838096619,10
IG,0.0,0.7115058898925781,11
IG,0.1,0.40682822465896606,11
IG,0.3,0.1597091257572174,11
IG,0.5,0.22947761416435242,11
IG,0.0,0.9194586873054504,12
IG,0.1,0.8105466365814209,12
IG,0.3,0.13450250029563904,12
IG,0.5,0.6364504098892212,12
IG,0.0,0.7762134075164795,13
IG,0.1,0.42812374234199524,13
IG,0.3,0.07830853015184402,13
IG,0.5,0.03903966769576073,13
IG,0.0,0.9371896982192993,14
IG,0.1,0.9386600852012634,14
IG,0.3,0.9464580416679382,14
IG,0.5,0.9313023090362549,14
IG,0.0,0.6993269920349121,15
IG,0.1,0.4781353771686554,15
IG,0.3,0.6982991695404053,15
IG,0.5,0.3847803473472595,15
IG,0.0,0.8997163772583008,16
IG,0.1,0.8988029360771179,16
IG,0.3,0.3841201961040497,16
IG,0.5,0.49750885367393494,16
IG,0.0,0.925837516784668,17
IG,0.1,0.9036617279052734,17
IG,0.3,0.9028182625770569,17
IG,0.5,0.9362989068031311,17
IG,0.0,0.9101896286010742,18
IG,0.1,0.9136135578155518,18
IG,0.3,0.891965925693512,18
IG,0.5,0.7730818390846252,18
IG,0.0,0.9260826110839844,19
IG,0.1,0.9287185072898865,19
IG,0.3,0.820600152015686,19
IG,0.5,0.9177392721176147,19
IG,0.0,0.8819466233253479,20
IG,0.1,0.8209868669509888,20
IG,0.3,0.8849084377288818,20
IG,0.5,0.8295161128044128,20
IG,0.0,0.9252344965934753,21
IG,0.1,0.9210827946662903,21
IG,0.3,0.9278126955032349,21
IG,0.5,0.9056116342544556,21
IG,0.0,0.930145263671875,22
IG,0.1,0.9262569546699524,22
IG,0.3,0.7870182991027832,22
IG,0.5,0.11460177600383759,22
IG,0.0,0.5273524522781372,23
IG,0.1,0.02901027724146843,23
IG,0.3,0.019678357988595963,23
IG,0.5,0.012819020077586174,23
IG,0.0,0.9453694224357605,24
IG,0.1,0.9476152062416077,24
IG,0.3,0.9419106245040894,24
IG,0.5,0.9341810941696167,24
IG,0.0,0.49551406502723694,25
IG,0.1,0.23592974245548248,25
IG,0.3,0.05814457684755325,25
IG,0.5,0.03151034563779831,25
IG,0.0,0.885743260383606,26
IG,0.1,0.01549087930470705,26
IG,0.3,0.01020713709294796,26
IG,0.5,0.008438777178525925,26
IG,0.0,0.6886119246482849,27
IG,0.1,0.7175528407096863,27
IG,0.3,0.6110936403274536,27
IG,0.5,0.7287604212760925,27
IG,0.0,0.9369924664497375,28
IG,0.1,0.8866004347801208,28
IG,0.3,0.32447895407676697,28
IG,0.5,0.16688276827335358,28
IG,0.0,0.9328019618988037,29
IG,0.1,0.9343838691711426,29
IG,0.3,0.9159190654754639,29
IG,0.5,0.7918792366981506,29
IG,0.0,0.9140815734863281,30
IG,0.1,0.8598055839538574,30
IG,0.3,0.8104752898216248,30
IG,0.5,0.9251151084899902,30
IG,0.0,0.0759144276380539,31
IG,0.1,0.0345337875187397,31
IG,0.3,0.0357515774667263,31
IG,0.5,0.02860073186457157,31
IG,0.0,0.8681309819221497,32
IG,0.1,0.7905356884002686,32
IG,0.3,0.7984501123428345,32
IG,0.5,0.33075007796287537,32
IG,0.0,0.5638254284858704,33
IG,0.1,0.5233463048934937,33
IG,0.3,0.624759316444397,33
IG,0.5,0.02052285335958004,33
IG,0.0,0.9207829236984253,34
IG,0.1,0.7563803791999817,34
IG,0.3,0.09058232605457306,34
IG,0.5,0.018321415409445763,34
IG,0.0,0.7585606575012207,35
IG,0.1,0.3431069850921631,35
IG,0.3,0.027647944167256355,35
IG,0.5,0.013204271905124187,35
IG,0.0,0.7332189083099365,36
IG,0.1,0.8950687646865845,36
IG,0.3,0.8854420185089111,36
IG,0.5,0.8293541073799133,36
IG,0.0,0.7923473715782166,37
IG,0.1,0.7620278000831604,37
IG,0.3,0.7744248509407043,37
IG,0.5,0.29006052017211914,37
IG,0.0,0.9473801851272583,38
IG,0.1,0.889318585395813,38
IG,0.3,0.11275993287563324,38
IG,0.5,0.13152606785297394,38
IG,0.0,0.931516706943512,39
IG,0.1,0.851760745048523,39
IG,0.3,0.24625109136104584,39
IG,0.5,0.12585027515888214,39
IG,0.0,0.9467830657958984,40
IG,0.1,0.9487066864967346,40
IG,0.3,0.9443352818489075,40
IG,0.5,0.9410667419433594,40
IG,0.0,0.9486731290817261,41
IG,0.1,0.9444708824157715,41
IG,0.3,0.9455283880233765,41
IG,0.5,0.9414796233177185,41
IG,0.0,0.9734219908714294,42
IG,0.1,0.9684528708457947,42
IG,0.3,0.02830786257982254,42
IG,0.5,0.015188162215054035,42
IG,0.0,0.8606227040290833,43
IG,0.1,0.8632940649986267,43
IG,0.3,0.8542231321334839,43
IG,0.5,0.6032212972640991,43
IG,0.0,0.8216586112976074,44
IG,0.1,0.8313130736351013,44
IG,0.3,0.4234567880630493,44
IG,0.5,0.3981058597564697,44
IG,0.0,0.28527531027793884,45
IG,0.1,0.057462774217128754,45
IG,0.3,0.08660430461168289,45
IG,0.5,0.0970904752612114,45
IG,0.0,0.8989620804786682,46
IG,0.1,0.8416027426719666,46
IG,0.3,0.7640159130096436,46
IG,0.5,0.7595707178115845,46
IG,0.0,0.7974924445152283,47
IG,0.1,0.4678677022457123,47
IG,0.3,0.5392801761627197,47
IG,0.5,0.6427650451660156,47
IG,0.0,0.465631365776062,48
IG,0.1,0.029252635315060616,48
IG,0.3,0.02189701609313488,48
IG,0.5,0.021008314564824104,48
IG,0.0,0.9393948316574097,49
IG,0.1,0.9366476535797119,49
IG,0.3,0.9253625869750977,49
IG,0.5,0.9063365459442139,49
IG,0.0,0.935104250907898,50
IG,0.1,0.1775897741317749,50
IG,0.3,0.043367497622966766,50
IG,0.5,0.02155037596821785,50
IG,0.0,0.898722767829895,51
IG,0.1,0.758000373840332,51
IG,0.3,0.5496879816055298,51
IG,0.5,0.46733057498931885,51
IG,0.0,0.8823767304420471,52
IG,0.1,0.8747820854187012,52
IG,0.3,0.8848565220832825,52
IG,0.5,0.687402606010437,52
IG,0.0,0.9341646432876587,53
IG,0.1,0.9328601956367493,53
IG,0.3,0.9222435355186462,53
IG,0.5,0.9186697006225586,53
IG,0.0,0.9075518846511841,54
IG,0.1,0.5883024334907532,54
IG,0.3,0.5962464213371277,54
IG,0.5,0.5920440554618835,54
IG,0.0,0.5510573387145996,55
IG,0.1,0.12477319687604904,55
IG,0.3,0.11443376541137695,55
IG,0.5,0.06341274827718735,55
IG,0.0,0.9251002073287964,56
IG,0.1,0.9052941799163818,56
IG,0.3,0.9116343855857849,56
IG,0.5,0.9461985230445862,56
IG,0.0,0.9307866096496582,57
IG,0.1,0.9316955804824829,57
IG,0.3,0.9324460029602051,57
IG,0.5,0.9223963618278503,57
IG,0.0,0.9322389960289001,58
IG,0.1,0.08915787935256958,58
IG,0.3,0.3067830502986908,58
IG,0.5,0.05885032191872597,58
IG,0.0,0.9348743557929993,59
IG,0.1,0.944403350353241,59
IG,0.3,0.94145667552948,59
IG,0.5,0.9489506483078003,59
IG,0.0,0.7185094356536865,60
IG,0.1,0.21873043477535248,60
IG,0.3,0.380147248506546,60
IG,0.5,0.23357801139354706,60
IG,0.0,0.14912503957748413,61
IG,0.1,0.04329628124833107,61
IG,0.3,0.0831565260887146,61
IG,0.5,0.10521461069583893,61
IG,0.0,0.5650428533554077,62
IG,0.1,0.5596305131912231,62
IG,0.3,0.6774486899375916,62
IG,0.5,0.7774673104286194,62
IG,0.0,0.6714573502540588,63
IG,0.1,0.650790810585022,63
IG,0.3,0.626463770866394,63
IG,0.5,0.7784557342529297,63
IG,0.0,0.9456166625022888,64
IG,0.1,0.8870445489883423,64
IG,0.3,0.08376692980527878,64
IG,0.5,0.04220333695411682,64
IG,0.0,0.35824820399284363,65
IG,0.1,0.1509680449962616,65
IG,0.3,0.8909489512443542,65
IG,0.5,0.9226712584495544,65
IG,0.0,0.9721536636352539,66
IG,0.1,0.969524621963501,66
IG,0.3,0.9693436622619629,66
IG,0.5,0.5932840704917908,66
IG,0.0,0.866108775138855,67
IG,0.1,0.650002121925354,67
IG,0.3,0.26494359970092773,67
IG,0.5,0.23525318503379822,67
IG,0.0,0.932027280330658,68
IG,0.1,0.8980351090431213,68
IG,0.3,0.923784077167511,68
IG,0.5,0.9088432788848877,68
IG,0.0,0.9041194319725037,69
IG,0.1,0.8780051469802856,69
IG,0.3,0.6750990152359009,69
IG,0.5,0.6691552996635437,69
IG,0.0,0.9132124781608582,70
IG,0.1,0.846580445766449,70
IG,0.3,0.05231902375817299,70
IG,0.5,0.008827252313494682,70
IG,0.0,0.5586017966270447,71
IG,0.1,0.8559497594833374,71
IG,0.3,0.5487410426139832,71
IG,0.5,0.7751734852790833,71
IG,0.0,0.9447265863418579,72
IG,0.1,0.9452664256095886,72
IG,0.3,0.9412088990211487,72
IG,0.5,0.9349423050880432,72
IG,0.0,0.9024976491928101,73
IG,0.1,0.763684868812561,73
IG,0.3,0.7123016119003296,73
IG,0.5,0.1762736737728119,73
IG,0.0,0.4583929181098938,74
IG,0.1,0.1295306533575058,74
IG,0.3,0.04287884384393692,74
IG,0.5,0.0685507133603096,74
IG,0.0,0.9663037061691284,75
IG,0.1,0.0855049192905426,75
IG,0.3,0.03792935237288475,75
IG,0.5,0.02279517613351345,75
IG,0.0,0.9452815651893616,76
IG,0.1,0.9429434537887573,76
IG,0.3,0.9427280426025391,76
IG,0.5,0.9304971098899841,76
IG,0.0,0.9173691868782043,77
IG,0.1,0.0869666337966919,77
IG,0.3,0.053079765290021896,77
IG,0.5,0.0941031202673912,77
IG,0.0,0.9328107833862305,78
IG,0.1,0.9229389429092407,78
IG,0.3,0.7567190527915955,78
IG,0.5,0.6485542058944702,78
IG,0.0,0.5458218455314636,79
IG,0.1,0.3410578966140747,79
IG,0.3,0.2953236401081085,79
IG,0.5,0.3490352928638458,79
LIME,0.0,0.1799275130033493,0
LIME,0.1,0.3833796977996826,0
LIME,0.3,0.2618066370487213,0
LIME,0.5,0.2100389301776886,0
LIME,0.0,0.06274929642677307,1
LIME,0.1,0.029705550521612167,1
LIME,0.3,0.02622443065047264,1
LIME,0.5,0.09948292374610901,1
LIME,0.0,0.24164730310440063,2
LIME,0.1,0.798372745513916,2
LIME,0.3,0.8994295597076416,2
LIME,0.5,0.8022251725196838,2
LIME,0.0,0.7208147048950195,3
LIME,0.1,0.2529425323009491,3
LIME,0.3,0.44195622205734253,3
LIME,0.5,0.647165834903717,3
LIME,0.0,0.018682852387428284,4
LIME,0.1,0.019623668864369392,4
LIME,0.3,0.023012589663267136,4
LIME,0.5,0.02063724584877491,4
LIME,0.0,0.029011577367782593,5
LIME,0.1,0.02935488522052765,5
LIME,0.3,0.026058821007609367,5
LIME,0.5,0.029455389827489853,5
LIME,0.0,0.49279171228408813,6
LIME,0.1,0.8413719534873962,6
LIME,0.3,0.0410890057682991,6
LIME,0.5,0.031025249511003494,6
LIME,0.0,0.09227622300386429,7
LIME,0.1,0.16319526731967926,7
LIME,0.3,0.135793998837471,7
LIME,0.5,0.065426304936409,7
LIME,0.0,0.9153445959091187,8
LIME,0.1,0.7979826927185059,8
LIME,0.3,0.7268999218940735,8
LIME,0.5,0.9549716114997864,8
LIME,0.0,0.8559039831161499,9
LIME,0.1,0.9366565346717834,9
LIME,0.3,0.9383798241615295,9
LIME,0.5,0.9425368309020996,9
LIME,0.0,0.03417808562517166,10
LIME,0.1,0.037958774715662,10
LIME,0.3,0.03381914272904396,10
LIME,0.5,0.030308542773127556,10
LIME,0.0,0.017777729779481888,11
LIME,0.1,0.015366682782769203,11
LIME,0.3,0.01787164993584156,11
LIME,0.5,0.012820077128708363,11
LIME,0.0,0.8012796640396118,12
LIME,0.1,0.23142237961292267,12
LIME,0.3,0.09227100759744644,12
LIME,0.5,0.20385901629924774,12
LIME,0.0,0.8328666687011719,13
LIME,0.1,0.9359620809555054,13
LIME,0.3,0.9329656958580017,13
LIME,0.5,0.9315955638885498,13
LIME,0.0,0.06293924152851105,14
LIME,0.1,0.06715696305036545,14
LIME,0.3,0.06695319712162018,14
LIME,0.5,0.05046869069337845,14
LIME,0.0,0.3385641276836395,15
LIME,0.1,0.5442497134208679,15
LIME,0.3,0.5882037281990051,15
LIME,0.5,0.34623491764068604,15
LIME,0.0,0.9113973379135132,16
LIME,0.1,0.1909116804599762,16
LIME,0.3,0.6005383729934692,16
LIME,0.5,0.5687270760536194,16
LIME,0.0,0.055107198655605316,17
LIME,0.1,0.08888257294893265,17
LIME,0.3,0.10735887289047241,17
LIME,0.5,0.08276330679655075,17
LIME,0.0,0.036169398576021194,18
LIME,0.1,0.022214528173208237,18
LIME,0.3,0.014565467834472656,18
LIME,0.5,0.0107777314260602,18
LIME,0.0,0.09313605725765228,19
LIME,0.1,0.40206363797187805,19
LIME,0.3,0.8214747905731201,19
LIME,0.5,0.218282088637352,19
LIME,0.0,0.14034026861190796,20
LIME,0.1,0.16077199578285217,20
LIME,0.3,0.19633057713508606,20
LIME,0.5,0.41668087244033813,20
LIME,0.0,0.04702557250857353,21
LIME,0.1,0.07417042553424835,21
LIME,0.3,0.061511315405368805,21
LIME,0.5,0.10221686959266663,21
LIME,0.0,0.014384971000254154,22
LIME,0.1,0.022354600951075554,22
LIME,0.3,0.013564389199018478,22
LIME,0.5,0.012570220045745373,22
LIME,0.0,0.1403927505016327,23
LIME,0.1,0.11729229986667633,23
LIME,0.3,0.17854347825050354,23
LIME,0.5,0.258088082075119,23
LIME,0.0,0.03452764078974724,24
LIME,0.1,0.042037658393383026,24
LIME,0.3,0.06560420989990234,24
LIME,0.5,0.09717748314142227,24
LIME,0.0,0.04688237980008125,25
LIME,0.1,0.11574441939592361,25
LIME,0.3,0.8552750945091248,25
LIME,0.5,0.06794240325689316,25
LIME,0.0,0.009245837107300758,26
LIME,0.1,0.009462165646255016,26
LIME,0.3,0.010359556414186954,26
LIME,0.5,0.013565934263169765,26
LIME,0.0,0.2724279463291168,27
LIME,0.1,0.43207424879074097,27
LIME,0.3,0.5361884832382202,27
LIME,0.5,0.24353452026844025,27
LIME,0.0,0.9114941358566284,28
LIME,0.1,0.6636987328529358,28
LIME,0.3,0.38114631175994873,28
LIME,0.5,0.8794205784797668,28
LIME,0.0,0.0831272229552269,29
LIME,0.1,0.19707466661930084,29
LIME,0.3,0.26567259430885315,29
LIME,0.5,0.8646654486656189,29
LIME,0.0,0.07432650774717331,30
LIME,0.1,0.10240014642477036,30
LIME,0.3,0.09551583230495453,30
LIME,0.5,0.09331998974084854,30
LIME,0.0,0.818254828453064,31
LIME,0.1,0.8239022493362427,31
LIME,0.3,0.7583446502685547,31
LIME,0.5,0.8296403288841248,31
LIME,0.0,0.04688435047864914,32
LIME,0.1,0.022694796323776245,32
LIME,0.3,0.01893177069723606,32
LIME,0.5,0.01669350638985634,32
LIME,0.0,0.039768654853105545,33
LIME,0.1,0.07231354713439941,33
LIME,0.3,0.10348165035247803,33
LIME,0.5,0.0766955316066742,33
LIME,0.0,0.047539886087179184,34
LIME,0.1,0.11776071041822433,34
LIME,0.3,0.32321736216545105,34
LIME,0.5,0.1893276572227478,34
LIME,0.0,0.022801537066698074,35
LIME,0.1,0.026517802849411964,35
LIME,0.3,0.025562698021531105,35
LIME,0.5,0.022972919046878815,35
LIME,0.0,0.14673280715942383,36
LIME,0.1,0.21514570713043213,36
LIME,0.3,0.19329281151294708,36
LIME,0.5,0.0952770859003067,36
LIME,0.0,0.20261089503765106,37
LIME,0.1,0.883758544921875,37
LIME,0.3,0.9219108819961548,37
LIME,0.5,0.9304118156433105,37
LIME,0.0,0.9469600915908813,38
LIME,0.1,0.38551682233810425,38
LIME,0.3,0.1952575445175171,38
LIME,0.5,0.9053145051002502,38
LIME,0.0,0.8675338625907898,39
LIME,0.1,0.7983902096748352,39
LIME,0.3,0.9301283359527588,39
LIME,0.5,0.7133507132530212,39
LIME,0.0,0.02823588065803051,40
LIME,0.1,0.025613538920879364,40
LIME,0.3,0.04949476569890976,40
LIME,0.5,0.08539408445358276,40
LIME,0.0,0.08914519846439362,41
LIME,0.1,0.14487695693969727,41
LIME,0.3,0.10479883849620819,41
LIME,0.5,0.1230521947145462,41
LIME,0.0,0.011068098247051239,42
LIME,0.1,0.09097965061664581,42
LIME,0.3,0.06138593703508377,42
LIME,0.5,0.04510721191763878,42
LIME,0.0,0.03861589729785919,43
LIME,0.1,0.04440747946500778,43
LIME,0.3,0.03739677369594574,43
LIME,0.5,0.025888442993164062,43
LIME,0.0,0.053811755031347275,44
LIME,0.1,0.3340241014957428,44
LIME,0.3,0.2287789285182953,44
LIME,0.5,0.1490146666765213,44
LIME,0.0,0.6992401480674744,45
LIME,0.1,0.7287985682487488,45
LIME,0.3,0.9413078427314758,45
LIME,0.5,0.9035621881484985,45
LIME,0.0,0.20427407324314117,46
LIME,0.1,0.163346529006958,46
LIME,0.3,0.32985639572143555,46
LIME,0.5,0.28927674889564514,46
LIME,0.0,0.043862756341695786,47
LIME,0.1,0.09163226187229156,47
LIME,0.3,0.05946836248040199,47
LIME,0.5,0.06310846656560898,47
LIME,0.0,0.7748938798904419,48
LIME,0.1,0.920384407043457,48
LIME,0.3,0.9539874196052551,48
LIME,0.5,0.9433040022850037,48
LIME,0.0,0.04319007694721222,49
LIME,0.1,0.06587833166122437,49
LIME,0.3,0.03986073285341263,49
LIME,0.5,0.03437924385070801,49
LIME,0.0,0.9451884627342224,50
LIME,0.1,0.9293047189712524,50
LIME,0.3,0.8590787053108215,50
LIME,0.5,0.9402151703834534,50
LIME,0.0,0.02196159027516842,51
LIME,0.1,0.02179061807692051,51
LIME,0.3,0.022533874958753586,51
LIME,0.5,0.024280663579702377,51
LIME,0.0,0.1174033135175705,52
LIME,0.1,0.1308295726776123,52
LIME,0.3,0.1914394497871399,52
LIME,0.5,0.1562274545431137,52
LIME,0.0,0.03561120852828026,53
LIME,0.1,0.04392971098423004,53
LIME,0.3,0.0297610554844141,53
LIME,0.5,0.03375666216015816,53
LIME,0.0,0.10712872445583344,54
LIME,0.1,0.5599474310874939,54
LIME,0.3,0.7847279906272888,54
LIME,0.5,0.809234619140625,54
LIME,0.0,0.8563950657844543,55
LIME,0.1,0.8467139601707458,55
LIME,0.3,0.8416746258735657,55
LIME,0.5,0.8685490489006042,55
LIME,0.0,0.03153211623430252,56
LIME,0.1,0.04400056600570679,56
LIME,0.3,0.047804996371269226,56
LIME,0.5,0.06687983870506287,56
LIME,0.0,0.041220322251319885,57
LIME,0.1,0.03249054402112961,57
LIME,0.3,0.03172238916158676,57
LIME,0.5,0.027297111228108406,57
LIME,0.0,0.9223710894584656,58
LIME,0.1,0.8978543281555176,58
LIME,0.3,0.8234207034111023,58
LIME,0.5,0.7195056080818176,58
LIME,0.0,0.0271989107131958,59
LIME,0.1,0.03286387026309967,59
LIME,0.3,0.055947888642549515,59
LIME,0.5,0.046234067529439926,59
LIME,0.0,0.08104616403579712,60
LIME,0.1,0.13941480219364166,60
LIME,0.3,0.5743574500083923,60
LIME,0.5,0.5731269717216492,60
LIME,0.0,0.8456498384475708,61
LIME,0.1,0.8553467392921448,61
LIME,0.3,0.32797175645828247,61
LIME,0.5,0.08566153794527054,61
LIME,0.0,0.5960094928741455,62
LIME,0.1,0.9212477207183838,62
LIME,0.3,0.9439970850944519,62
LIME,0.5,0.9230706095695496,62
LIME,0.0,0.4565182626247406,63
LIME,0.1,0.7414983510971069,63
LIME,0.3,0.49314743280410767,63
LIME,0.5,0.23791301250457764,63
LIME,0.0,0.9470124840736389,64
LIME,0.1,0.9027000069618225,64
LIME,0.3,0.8188241124153137,64
LIME,0.5,0.4240620732307434,64
LIME,0.0,0.872902512550354,65
LIME,0.1,0.8415183424949646,65
LIME,0.3,0.671183168888092,65
LIME,0.5,0.9295100569725037,65
LIME,0.0,0.009271470829844475,66
LIME,0.1,0.01831272803246975,66
LIME,0.3,0.018200544640421867,66
LIME,0.5,0.046536609530448914,66
LIME,0.0,0.04922068491578102,67
LIME,0.1,0.061726123094558716,67
LIME,0.3,0.07786960899829865,67
LIME,0.5,0.08143474906682968,67
LIME,0.0,0.05134675279259682,68
LIME,0.1,0.1487848460674286,68
LIME,0.3,0.1780230849981308,68
LIME,0.5,0.14135992527008057,68
LIME,0.0,0.0796201154589653,69
LIME,0.1,0.25284695625305176,69
LIME,0.3,0.40493345260620117,69
LIME,0.5,0.8715683221817017,69
LIME,0.0,0.08550234138965607,70
LIME,0.1,0.019869714975357056,70
LIME,0.3,0.021024754270911217,70
LIME,0.5,0.019087888300418854,70
LIME,0.0,0.024912022054195404,71
LIME,0.1,0.09971373528242111,71
LIME,0.3,0.016873564571142197,71
LIME,0.5,0.01899261772632599,71
LIME,0.0,0.031446442008018494,72
LIME,0.1,0.035937387496232986,72
LIME,0.3,0.03132515028119087,72
LIME,0.5,0.034511227160692215,72
LIME,0.0,0.11874169111251831,73
LIME,0.1,0.12928497791290283,73
LIME,0.3,0.3291396200656891,73
LIME,0.5,0.6611490845680237,73
LIME,0.0,0.1286563128232956,74
LIME,0.1,0.17527854442596436,74
LIME,0.3,0.11704768985509872,74
LIME,0.5,0.0434645377099514,74
LIME,0.0,0.007156727835536003,75
LIME,0.1,0.14820635318756104,75
LIME,0.3,0.1765199452638626,75
LIME,0.5,0.4072302281856537,75
LIME,0.0,0.033937059342861176,76
LIME,0.1,0.07579979300498962,76
LIME,0.3,0.08436448127031326,76
LIME,0.5,0.0777837410569191,76
LIME,0.0,0.12482298165559769,77
LIME,0.1,0.08651892840862274,77
LIME,0.3,0.07304633408784866,77
LIME,0.5,0.09683922678232193,77
LIME,0.0,0.06231209635734558,78
LIME,0.1,0.10179473459720612,78
LIME,0.3,0.14900556206703186,78
LIME,0.5,0.22473829984664917,78
LIME,0.0,0.31334978342056274,79
LIME,0.1,0.8220996856689453,79
LIME,0.3,0.8830335140228271,79
LIME,0.5,0.8666132092475891,79
ATTN,0.0,0.7922571301460266,0
ATTN,0.1,0.65439373254776,0
ATTN,0.3,0.6206957697868347,0
ATTN,0.5,0.8158872127532959,0
ATTN,0.0,0.853218138217926,1
ATTN,0.1,0.8638467192649841,1
ATTN,0.3,0.8920980095863342,1
ATTN,0.5,0.9112845063209534,1
ATTN,0.0,0.6660041213035583,2
ATTN,0.1,0.6097595691680908,2
ATTN,0.3,0.3496054410934448,2
ATTN,0.5,0.3763844966888428,2
ATTN,0.0,0.9201147556304932,3
ATTN,0.1,0.9372509717941284,3
ATTN,0.3,0.8865860104560852,3
ATTN,0.5,0.36227497458457947,3
ATTN,0.0,0.9355360865592957,4
ATTN,0.1,0.9378977417945862,4
ATTN,0.3,0.9535359740257263,4
ATTN,0.5,0.9499305486679077,4
ATTN,0.0,0.9340212941169739,5
ATTN,0.1,0.9410219192504883,5
ATTN,0.3,0.9456675052642822,5
ATTN,0.5,0.9269636869430542,5
ATTN,0.0,0.6317969560623169,6
ATTN,0.1,0.49169155955314636,6
ATTN,0.3,0.2438923865556717,6
ATTN,0.5,0.6068819165229797,6
ATTN,0.0,0.9513011574745178,7
ATTN,0.1,0.9486802220344543,7
ATTN,0.3,0.9427399039268494,7
ATTN,0.5,0.9377284049987793,7
ATTN,0.0,0.8849202990531921,8
ATTN,0.1,0.8386560082435608,8
ATTN,0.3,0.6202638149261475,8
ATTN,0.5,0.19211657345294952,8
ATTN,0.0,0.6391831040382385,9
ATTN,0.1,0.6317681074142456,9
ATTN,0.3,0.1217406839132309,9
ATTN,0.5,0.00836161244660616,9
ATTN,0.0,0.9094365239143372,10
ATTN,0.1,0.9179760217666626,10
ATTN,0.3,0.9391663074493408,10
ATTN,0.5,0.9373005032539368,10
ATTN,0.0,0.790092408657074,11
ATTN,0.1,0.9064114689826965,11
ATTN,0.3,0.8443004488945007,11
ATTN,0.5,0.6678589582443237,11
ATTN,0.0,0.91774982213974,12
ATTN,0.1,0.8783908486366272,12
ATTN,0.3,0.8748801350593567,12
ATTN,0.5,0.9123421907424927,12
ATTN,0.0,0.7598719596862793,13
ATTN,0.1,0.46183228492736816,13
ATTN,0.3,0.2407882809638977,13
ATTN,0.5,0.3588583767414093,13
ATTN,0.0,0.9376198053359985,14
ATTN,0.1,0.9305221438407898,14
ATTN,0.3,0.9330830574035645,14
ATTN,0.5,0.9330682158470154,14
ATTN,0.0,0.7736265659332275,15
ATTN,0.1,0.8147020936012268,15
ATTN,0.3,0.8040174841880798,15
ATTN,0.5,0.9213130474090576,15
ATTN,0.0,0.8953236937522888,16
ATTN,0.1,0.8212774395942688,16
ATTN,0.3,0.934316873550415,16
ATTN,0.5,0.9256277680397034,16
ATTN,0.0,0.9258288145065308,17
ATTN,0.1,0.9250253438949585,17
ATTN,0.3,0.8544874787330627,17
ATTN,0.5,0.9274716377258301,17
ATTN,0.0,0.9101684093475342,18
ATTN,0.1,0.9255813956260681,18
ATTN,0.3,0.9347925782203674,18
ATTN,0.5,0.9507094025611877,18
ATTN,0.0,0.9218934178352356,19
ATTN,0.1,0.9248444437980652,19
ATTN,0.3,0.8812052011489868,19
ATTN,0.5,0.9420784115791321,19
ATTN,0.0,0.9069942831993103,20
ATTN,0.1,0.9019526839256287,20
ATTN,0.3,0.804935872554779,20
ATTN,0.5,0.9019930958747864,20
ATTN,0.0,0.9266515970230103,21
ATTN,0.1,0.9273994565010071,21
ATTN,0.3,0.9168019890785217,21
ATTN,0.5,0.9295560717582703,21
ATTN,0.0,0.9372063875198364,22
ATTN,0.1,0.8781446814537048,22
ATTN,0.3,0.574862003326416,22
ATTN,0.5,0.16768452525138855,22
ATTN,0.0,0.3841181993484497,23
ATTN,0.1,0.1476448029279709,23
ATTN,0.3,0.023839913308620453,23
ATTN,0.5,0.020499367266893387,23
ATTN,0.0,0.9454274773597717,24
ATTN,0.1,0.9463285207748413,24
ATTN,0.3,0.9444276094436646,24
ATTN,0.5,0.9459434151649475,24
ATTN,0.0,0.9266882538795471,25
ATTN,0.1,0.8780360221862793,25
ATTN,0.3,0.38020724058151245,25
ATTN,0.5,0.122579425573349,25
ATTN,0.0,0.9416292905807495,26
ATTN,0.1,0.9273635745048523,26
ATTN,0.3,0.8908524513244629,26
ATTN,0.5,0.9491127729415894,26
ATTN,0.0,0.7387443780899048,27
ATTN,0.1,0.5688565969467163,27
ATTN,0.3,0.8821431398391724,27
ATTN,0.5,0.9323471784591675,27
ATTN,0.0,0.9504015445709229,28
ATTN,0.1,0.9488648772239685,28
ATTN,0.3,0.8459944128990173,28
ATTN,0.5,0.7933682799339294,28
ATTN,0.0,0.9320261478424072,29
ATTN,0.1,0.900270402431488,29
ATTN,0.3,0.8111518025398254,29
ATTN,0.5,0.9141709208488464,29
ATTN,0.0,0.8996104001998901,30
ATTN,0.1,0.9075502753257751,30
ATTN,0.3,0.9038825631141663,30
ATTN,0.5,0.8832995295524597,30
ATTN,0.0,0.7401232719421387,31
ATTN,0.1,0.5244081020355225,31
ATTN,0.3,0.03956545889377594,31
ATTN,0.5,0.06364094465970993,31
ATTN,0.0,0.8839988708496094,32
ATTN,0.1,0.8646348714828491,32
ATTN,0.3,0.9176443219184875,32
ATTN,0.5,0.7025023102760315,32
ATTN,0.0,0.520412027835846,33
ATTN,0.1,0.5162268877029419,33
ATTN,0.3,0.6220805644989014,33
ATTN,0.5,0.5858986377716064,33
ATTN,0.0,0.9409905672073364,34
ATTN,0.1,0.936012864112854,34
ATTN,0.3,0.9464367628097534,34
ATTN,0.5,0.6333847045898438,34
ATTN,0.0,0.5729461312294006,35
ATTN,0.1,0.18674440681934357,35
ATTN,0.3,0.2581864893436432,35
ATTN,0.5,0.5446392297744751,35
ATTN,0.0,0.48942360281944275,36
ATTN,0.1,0.6196132898330688,36
ATTN,0.3,0.867204487323761,36
ATTN,0.5,0.9250924587249756,36
ATTN,0.0,0.8075901865959167,37
ATTN,0.1,0.8344661593437195,37
ATTN,0.3,0.9241012930870056,37
ATTN,0.5,0.92950040102005,37
ATTN,0.0,0.9455125331878662,38
ATTN,0.1,0.9476308226585388,38
ATTN,0.3,0.9228131771087646,38
ATTN,0.5,0.07997451722621918,38
ATTN,0.0,0.9267975687980652,39
ATTN,0.1,0.9245332479476929,39
ATTN,0.3,0.9563021659851074,39
ATTN,0.5,0.9456296563148499,39
ATTN,0.0,0.9471144676208496,40
ATTN,0.1,0.948454737663269,40
ATTN,0.3,0.9443431496620178,40
ATTN,0.5,0.9355428814888,40
ATTN,0.0,0.9494924545288086,41
ATTN,0.1,0.8630583882331848,41
ATTN,0.3,0.9288870692253113,41
ATTN,0.5,0.0531550794839859,41
ATTN,0.0,0.9739577770233154,42
ATTN,0.1,0.9706605672836304,42
ATTN,0.3,0.9740859270095825,42
ATTN,0.5,0.9701167345046997,42
ATTN,0.0,0.8991650342941284,43
ATTN,0.1,0.9220705628395081,43
ATTN,0.3,0.9286110401153564,43
ATTN,0.5,0.93873131275177,43
ATTN,0.0,0.7519921660423279,44
ATTN,0.1,0.6180700659751892,44
ATTN,0.3,0.7328705191612244,44
ATTN,0.5,0.19123077392578125,44
ATTN,0.0,0.798915445804596,45
ATTN,0.1,0.7558056116104126,45
ATTN,0.3,0.6074508428573608,45
ATTN,0.5,0.06757189333438873,45
ATTN,0.0,0.8884056806564331,46
ATTN,0.1,0.8542482256889343,46
ATTN,0.3,0.8213867545127869,46
ATTN,0.5,0.8658756613731384,46
ATTN,0.0,0.8702481389045715,47
ATTN,0.1,0.895504891872406,47
ATTN,0.3,0.8818639516830444,47
ATTN,0.5,0.8785212635993958,47
ATTN,0.0,0.9477444291114807,48
ATTN,0.1,0.9580835700035095,48
ATTN,0.3,0.9532870054244995,48
ATTN,0.5,0.8612959980964661,48
ATTN,0.0,0.9405743479728699,49
ATTN,0.1,0.939373791217804,49
ATTN,0.3,0.9400802850723267,49
ATTN,0.5,0.9438721537590027,49
ATTN,0.0,0.9484527111053467,50
ATTN,0.1,0.9426165819168091,50
ATTN,0.3,0.865020215511322,50
ATTN,0.5,0.18863847851753235,50
ATTN,0.0,0.90904301404953,51
ATTN,0.1,0.9226030707359314,51
ATTN,0.3,0.9324262142181396,51
ATTN,0.5,0.94777512550354,51
ATTN,0.0,0.9137983918190002,52
ATTN,0.1,0.9047821164131165,52
ATTN,0.3,0.896795392036438,52
ATTN,0.5,0.9315193295478821,52
ATTN,0.0,0.9341315627098083,53
ATTN,0.1,0.93631511926651,53
ATTN,0.3,0.9194744229316711,53
ATTN,0.5,0.9408071041107178,53
ATTN,0.0,0.9075518846511841,54
ATTN,0.1,0.9213560819625854,54
ATTN,0.3,0.9219483733177185,54
ATTN,0.5,0.37877169251441956,54
ATTN,0.0,0.8682997822761536,55
ATTN,0.1,0.878775954246521,55
ATTN,0.3,0.7963659763336182,55
ATTN,0.5,0.9165005683898926,55
ATTN,0.0,0.9251002073287964,56
ATTN,0.1,0.9298036098480225,56
ATTN,0.3,0.9319702386856079,56
ATTN,0.5,0.9489140510559082,56
ATTN,0.0,0.9333215355873108,57
ATTN,0.1,0.9363558292388916,57
ATTN,0.3,0.9221871495246887,57
ATTN,0.5,0.9427222013473511,57
ATTN,0.0,0.9407262206077576,58
ATTN,0.1,0.940814197063446,58
ATTN,0.3,0.9408749938011169,58
ATTN,0.5,0.934184730052948,58
ATTN,0.0,0.9323779344558716,59
ATTN,0.1,0.9440252184867859,59
ATTN,0.3,0.9472495317459106,59
ATTN,0.5,0.955313503742218,59
ATTN,0.0,0.6787229776382446,60
ATTN,0.1,0.8116629719734192,60
ATTN,0.3,0.8923026919364929,60
ATTN,0.5,0.9304391741752625,60
ATTN,0.0,0.6098466515541077,61
ATTN,0.1,0.1860371083021164,61
ATTN,0.3,0.46079882979393005,61
ATTN,0.5,0.566148042678833,61
ATTN,0.0,0.5178045034408569,62
ATTN,0.1,0.7892146110534668,62
ATTN,0.3,0.6185029745101929,62
ATTN,0.5,0.4896790385246277,62
ATTN,0.0,0.7112074494361877,63
ATTN,0.1,0.6316736340522766,63
ATTN,0.3,0.708648145198822,63
ATTN,0.5,0.8583757281303406,63
ATTN,0.0,0.9415598511695862,64
ATTN,0.1,0.9429497122764587,64
ATTN,0.3,0.9440841674804688,64
ATTN,0.5,0.9498909711837769,64
ATTN,0.0,0.748113214969635,65
ATTN,0.1,0.5656549334526062,65
ATTN,0.3,0.7374321818351746,65
ATTN,0.5,0.3668561279773712,65
ATTN,0.0,0.97104811668396,66
ATTN,0.1,0.972224771976471,66
ATTN,0.3,0.9722847938537598,66
ATTN,0.5,0.9690807461738586,66
ATTN,0.0,0.8996652364730835,67
ATTN,0.1,0.8956182599067688,67
ATTN,0.3,0.8573013544082642,67
ATTN,0.5,0.6833526492118835,67
ATTN,0.0,0.9361021518707275,68
ATTN,0.1,0.9349597096443176,68
ATTN,0.3,0.9123887419700623,68
ATTN,0.5,0.9219631552696228,68
ATTN,0.0,0.9208107590675354,69
ATTN,0.1,0.9242775440216064,69
ATTN,0.3,0.9354167580604553,69
ATTN,0.5,0.9075115323066711,69
ATTN,0.0,0.8975107073783875,70
ATTN,0.1,0.890760600566864,70
ATTN,0.3,0.9462125897407532,70
ATTN,0.5,0.9162344336509705,70
ATTN,0.0,0.5922965407371521,71
ATTN,0.1,0.7229892015457153,71
ATTN,0.3,0.744208812713623,71
ATTN,0.5,0.7294687628746033,71
ATTN,0.0,0.9437798857688904,72
ATTN,0.1,0.9455744624137878,72
ATTN,0.3,0.9473493695259094,72
ATTN,0.5,0.9496150612831116,72
ATTN,0.0,0.9049453139305115,73
ATTN,0.1,0.8811295628547668,73
ATTN,0.3,0.9010972380638123,73
ATTN,0.5,0.9142411947250366,73
ATTN,0.0,0.4327094852924347,74
ATTN,0.1,0.29634982347488403,74
ATTN,0.3,0.17860348522663116,74
ATTN,0.5,0.12654900550842285,74
ATTN,0.0,0.9686136841773987,75
ATTN,0.1,0.965840756893158,75
ATTN,0.3,0.9608104228973389,75
ATTN,0.5,0.8140145540237427,75
ATTN,0.0,0.9455909729003906,76
ATTN,0.1,0.9472830295562744,76
ATTN,0.3,0.9420524835586548,76
ATTN,0.5,0.9367443919181824,76
ATTN,0.0,0.9022219777107239,77
ATTN,0.1,0.8598108887672424,77
ATTN,0.3,0.09784554690122604,77
ATTN,0.5,0.902225911617279,77
ATTN,0.0,0.9274021983146667,78
ATTN,0.1,0.928213894367218,78
ATTN,0.3,0.9386683702468872,78
ATTN,0.5,0.9173901081085205,78
ATTN,0.0,0.6827473640441895,79
ATTN,0.1,0.44660961627960205,79
ATTN,0.3,0.32998794317245483,79
ATTN,0.5,0.6242194771766663,79
