article_id,date,dominant_industry,y,y_pred_model,confidence,prob_neg,prob_neu,prob_pos,etf_return_t1,aligned
9063aa29-5ade-439c-b241-51bc8d6adc53,2025-05-27,Energy,1,2,0.9846075,0.0071055028,0.008287017,0.9846075,-0.012696438465655824,False
01253f79-5bfc-47f7-a4e0-76df41d5859d,2025-06-24,Industrials,2,2,0.9901876,0.006747838,0.0030645425,0.9901876,-0.008823926656829295,False
04b7174b-323a-4663-a621-0c32b18a1596,2025-05-12,Technology,2,0,0.8856793,0.8856793,0.105096355,0.009224356,0.021607370377188184,False
90ded1d5-0dee-4918-abb4-a2640928a750,2025-04-07,Technology,0,0,0.8889584,0.8889584,0.10072229,0.010319388,-0.020331466531262166,True
740e7f60-50df-44b7-a7ea-5327879db58d,2025-06-11,Technology,2,2,0.99191624,0.0052113915,0.002872391,0.99191624,0.00927856794668891,True
7c58c6af-afb9-4456-9a40-e5e411f9a1e6,2025-04-08,Technology,2,0,0.8274912,0.8274912,0.15821384,0.014294935,0.13425697132599002,False
7b4dda2f-8b20-4d5d-bc8b-a4e6ae3ff07d,2025-03-06,Communication Services,0,0,0.98748106,0.98748106,0.0029343865,0.009584667,0.006422472452067396,False
39a9789a-541a-4033-8caf-11671bb8ca82,2025-02-19,Communication Services,0,0,0.98941785,0.98941785,0.0031026145,0.0074795443,-0.004669387095141642,True
83e2463e-8384-40cc-83ac-0ba894ee9731,2025-03-21,Communication Services,0,0,0.99036133,0.99036133,0.0038978106,0.0057408907,0.011168073609900242,False
ceda9be0-bb39-4a15-aaf5-f04feb75e3f7,2025-03-18,Communication Services,0,0,0.9883485,0.9883485,0.007947065,0.0037043844,0.011886136441664918,False
3063d4c9-5238-46cc-8f49-9cec0de92fd2,2025-04-01,Consumer Cyclical,0,0,0.990571,0.990571,0.0043095318,0.0051194136,0.018995555357733895,False
dc717fb4-a176-4631-810a-8509737e0758,2025-05-06,Consumer Cyclical,0,0,0.9893092,0.9893092,0.0037769452,0.006913776,0.007795460705355417,False
bb686dbc-f3a0-440b-97d9-8a5dea2753fc,2025-06-10,Consumer Cyclical,0,0,0.98961455,0.98961455,0.0051151877,0.005270303,-0.007900898733752437,True
dea503ee-1220-4139-9f16-3e20d4bd2be7,2025-05-27,Consumer Cyclical,2,2,0.9895962,0.0031294723,0.007274299,0.9895962,-0.0091759592344699,False
07879ce7-130c-44b9-b857-fadb16c78b57,2025-01-14,Consumer Cyclical,0,0,0.98697126,0.98697126,0.005165289,0.007863427,0.02544666759240144,False
8759b759-58cb-4467-98a6-f88b0114a8e3,2025-04-01,Consumer Cyclical,0,0,0.98962003,0.98962003,0.006617268,0.0037626666,0.018995555357733895,False
81e3280f-9cc5-4c59-ba9f-15425991bc78,2025-03-17,Consumer Cyclical,2,2,0.99319893,0.0030800365,0.0037209776,0.99319893,-0.017816327113872266,False
6964f0c7-b7ae-458a-9cc8-e5e5bfafc75a,2025-02-04,Consumer Cyclical,2,2,0.9903572,0.0022722022,0.0073705753,0.9903572,-0.011346008836010446,False
fcc9e94f-dbae-42df-936b-296f6da987bf,2025-02-27,Consumer Cyclical,0,0,0.9889254,0.9889254,0.007878019,0.0031965321,0.016617305276066086,False
2ce08712-599f-456c-960d-61a9e8d1976e,2025-05-27,Energy,2,2,0.99261355,0.004875512,0.0025109574,0.99261355,-0.012696438465655824,False
188d6ad1-c4c1-4b61-b1f8-c7dfde534881,2025-04-29,Energy,2,2,0.9831065,0.003976976,0.012916567,0.9831065,-0.026955194807769756,False
d47e8162-085f-4776-bc7d-740b3f5ae587,2025-05-27,Financial Services,2,2,0.9873668,0.008594481,0.004038729,0.9873668,-0.0066758325260276585,False
6f17629b-aa16-47f4-9d61-6b18aa96f6dd,2025-02-18,Financial Services,0,0,0.9869971,0.9869971,0.003862875,0.009139964,0.00038337087340689635,False
93fb5d53-4867-4739-8277-2004fbacef3b,2025-05-13,Financial Services,2,2,0.99246913,0.0038440516,0.0036868106,0.99246913,-0.0027408613807173854,False
c1ab9914-e583-4518-b33a-008455a61c18,2025-01-07,Healthcare,0,0,0.9900428,0.9900428,0.0046621626,0.005295033,0.005153431589110413,False
5e1a997e-c381-4bfb-8e7d-f2e62826fed7,2025-06-20,Healthcare,2,2,0.9930948,0.002470877,0.0044343816,0.9930948,-0.00331826863614737,False
66102ad6-ec5d-40f8-9e87-5002ed8fbea9,2025-06-26,Healthcare,2,2,0.9922112,0.00254387,0.005244916,0.9922112,-0.0021606954424401303,False
d068e5b0-7e7f-41f2-a288-18f45289a443,2025-01-14,Healthcare,2,2,0.9921989,0.0052687996,0.0025323604,0.9921989,0.004071480887276824,True
5a5969cc-0ae0-4aa4-9080-3ec8a0579b4f,2025-05-09,Healthcare,2,2,0.99236506,0.0026468984,0.0049880547,0.99236506,0.024721240723166282,True
7ec8e47f-9e95-4bea-8ad2-9dcfc0193a2f,2025-04-01,Industrials,2,2,0.99228585,0.0040697083,0.003644462,0.99228585,0.009407522313418237,True
0464fe84-88c5-4446-929c-4ce01ee8e98f,2025-05-13,Industrials,2,2,0.99284935,0.0028366342,0.004314071,0.99284935,-0.004813085232563741,False
43c6e072-99cb-4783-814b-e74333b97aba,2025-05-04,Industrials,2,2,0.9922003,0.002708244,0.0050914264,0.9922003,-0.008763406827098752,False
9162cd1a-eb0e-4f5a-90f2-f73307380c09,2025-04-01,Industrials,2,2,0.9797856,0.018307798,0.0019066269,0.9797856,0.009407522313418237,True
cd592b83-d58a-4e04-b017-27c0bc74bfd4,2025-06-24,Real Estate,2,2,0.99171126,0.0035740335,0.004714666,0.99171126,-0.02437290156663463,False
dda31092-855d-445c-af18-a27c638cb0b3,2025-04-08,Real Estate,0,0,0.9891093,0.9891093,0.004294317,0.006596401,0.05744328878738303,False
a93de1ee-51fc-4f95-9e1d-2a01f2bf9234,2025-06-10,Real Estate,2,2,0.98198515,0.0040084063,0.014006424,0.98198515,-0.00544635436252594,False
f235f150-b2a0-4eea-9215-4d709bab5510,2025-07-01,Real Estate,2,2,0.981994,0.0021033972,0.015902644,0.981994,0.0019184176233524308,True
e2264836-506a-4df4-858f-f8e7c6a4eb8e,2025-03-18,Real Estate,2,2,0.9853699,0.0022260207,0.0124040535,0.9853699,0.0011928209432712222,True
4077c956-e44a-4c37-8029-4b0d1d2083d5,2025-03-11,Real Estate,2,2,0.97589546,0.0021691578,0.021935347,0.97589546,-0.0036039816201611785,False
381881ff-e6b1-48f9-a320-c6c939f95587,2025-06-23,Services,0,0,0.98116815,0.98116815,0.010776779,0.00805509,0.011047245877038092,False
15eca5de-1f18-4da8-8472-07010908db05,2025-06-03,Services,0,0,0.9869464,0.9869464,0.0073982445,0.0056553134,-0.0002684731709600152,True
4ea6ef4f-17ab-49ca-ab1e-88472e1c75fa,2025-06-24,Utilities,2,2,0.9931712,0.0029570484,0.0038717983,0.9931712,-0.013359436043808515,False
502475e3-c118-4b5f-b4b2-1d5c75631a42,2025-04-15,Utilities,2,2,0.9899794,0.005095819,0.0049248324,0.9899794,-0.00901128920561478,False
13c2a30b-98bb-4f4f-bcd0-543b5c0bbc33,2025-03-18,Utilities,0,0,0.9855117,0.9855117,0.0048214537,0.009666778,0.003687233438030235,False
bafd93ff-f47e-4b96-ba5e-a3a8aff608fe,2025-03-18,Utilities,2,2,0.98764646,0.010071111,0.0022823976,0.98764646,0.003687233438030235,True
c5bc6c0d-68a5-4b52-8fd8-2c1ca802d2c0,2025-05-08,Technology,2,2,0.9929235,0.003217081,0.0038593747,0.9929235,-0.0012392207266846977,False
db6fd31a-7165-49e4-9f21-51e793df4af5,2025-04-03,Technology,2,2,0.9810501,0.016816158,0.0021337296,0.9810501,-0.06587102848836213,False
e06a5ec0-d2eb-4a0c-8f70-69320e347d65,2025-04-07,Technology,2,2,0.99304056,0.0030451252,0.0039142417,0.99304056,-0.020331466531262166,False
5e6cd957-328d-4c1c-b6a4-aa2e4f508980,2025-05-31,Technology,2,2,0.9926347,0.0041550356,0.0032102878,0.9926347,0.015024683605287414,True
7b96061e-d052-48be-b2a2-17fe6fba0135,2025-02-17,Technology,0,0,0.9889021,0.9889021,0.0054979334,0.0055999365,8.254465382240284e-05,False
4d7075b0-01c1-4f25-bb6a-24a125e7eb0c,2025-03-28,Technology,0,0,0.9887122,0.9887122,0.0065914458,0.004696387,0.00048449870317290866,False
4429228a-f58a-43ab-847b-b3592407fa13,2025-04-02,Technology,1,2,0.9912094,0.005865053,0.002925568,0.9912094,-0.06824799854468755,False
e187ee88-e194-47d8-a86b-78838c1c00f1,2025-05-03,Technology,0,0,0.9893009,0.9893009,0.0059433384,0.004755682,-0.00830784595351386,True
7d744b3a-2532-45cc-8e03-52ca7a9ee6a3,2025-02-25,Technology,0,0,0.90759337,0.90759337,0.089303724,0.0031028471,0.01089670278334176,False
91cb063b-d115-4d3f-9da2-d919d9aa5bb6,2025-05-13,Technology,2,2,0.99293023,0.0033404136,0.0037294356,0.99293023,0.006491315438573064,True
2cc1fe4f-e493-460b-9685-63074e467df2,2025-03-26,Technology,0,0,0.7944023,0.7944023,0.2025783,0.0030192998,-0.00922803663167271,True
018e57c7-458f-4dbf-abc9-7c9c206e0b9f,2025-01-02,Technology,2,2,0.9925005,0.0023161264,0.005183394,0.9925005,0.01629520523949335,True
71e7f007-9559-431d-be38-f0dfaa5890ae,2025-01-03,Technology,2,2,0.992378,0.0027074066,0.0049146353,0.992378,0.012725344644750836,True
a6231a37-7d1b-489c-8f85-cb081aa0aac3,2025-03-22,Technology,2,2,0.5456226,0.45088214,0.003495276,0.5456226,0.003308372947428806,True
3641bdbe-14cd-4e21-8fc7-d4b663436732,2025-02-20,Technology,0,0,0.9800411,0.9800411,0.017626781,0.0023322057,-0.027090876292250043,True
f719ecb1-5879-44ff-866c-d70aacc7a1e7,2025-02-12,Technology,2,2,0.9932441,0.0026458823,0.0041099526,0.9932441,0.014163328954945653,True
1afc7a75-f6dd-4692-8825-22cda8b39592,2025-06-25,Technology,2,2,0.9900288,0.004248085,0.005723108,0.9900288,0.00689793935673344,True
4d327d8f-2186-4e20-96ee-1ace20054c22,2025-04-07,Technology,2,2,0.9911766,0.0033485994,0.0054748515,0.9911766,-0.020331466531262166,False
00197c93-6efa-492f-8483-78fdf28d95e7,2025-01-04,Technology,2,2,0.98695266,0.007677548,0.0053697717,0.98695266,-0.020062799104221152,False
7d9fa330-c7e1-47ea-9ac7-b37e29353336,2025-06-03,Technology,2,2,0.9886262,0.002661902,0.008711883,0.9886262,0.0014802542103320437,True
9c34050c-c61f-4a93-ae08-f687d8cbd677,2025-06-24,Technology,0,0,0.98761636,0.98761636,0.004077851,0.008305859,0.008534220043163065,False
fe2a00ef-3e66-432c-8ec4-809e6b23f434,2025-05-06,Technology,2,2,0.9913931,0.0035524773,0.0050544506,0.9913931,0.010015441606155528,True
161c1e89-066c-4603-972f-425c837f9370,2025-01-04,Technology,2,0,0.9589455,0.9589455,0.0026271045,0.0384274,-0.020062799104221152,True
263c1056-9cde-46b2-97c0-2dc08c64ad7f,2025-01-02,Technology,2,2,0.99275863,0.004831543,0.0024098589,0.99275863,0.01629520523949335,True
c24ce014-ede0-42cc-8dd3-b159a46ba48e,2025-04-01,Technology,0,0,0.9896365,0.9896365,0.00504107,0.0053225425,0.007404169649793069,False
c13d7af5-5696-4cb7-b4b4-7129fe3a5050,2025-01-06,Technology,0,0,0.9891822,0.9891822,0.004598567,0.0062193037,-0.020062799104221152,True
b1dac305-7c7c-4940-ab5c-ad51b4016546,2025-05-14,Technology,2,2,0.991846,0.0033286677,0.0048252717,0.991846,0.0013667281371725348,True
1c739d76-be7c-47f5-b78c-af0fd7db80fa,2025-05-09,Technology,0,0,0.99006724,0.99006724,0.0041207033,0.0058120233,0.04641539780068693,False
689711a6-3be0-488f-83e1-ff8d7ddd94bb,2025-06-20,Technology,2,2,0.99121886,0.0062922537,0.0024888576,0.99121886,0.009728160231118554,True
e3489cf9-1a5a-40a1-949b-b464aacc4ccc,2025-06-03,Technology,2,2,0.99109906,0.0044254656,0.004475523,0.99109906,0.0014802542103320437,True
052f5ea0-4d39-4b25-9da8-5867f65c8ee4,2025-06-26,Technology,2,2,0.99011153,0.0024088246,0.0074796076,0.99011153,-0.0011948980085479954,False
a0732479-2645-4bcf-ade0-82d09648d3db,2025-03-27,Technology,0,0,0.9903058,0.9903058,0.003733917,0.005960291,-0.02425412395279347,True
1fa9c452-1a46-41e2-b14c-d1b6f4ac9122,2025-01-02,Technology,0,0,0.98395455,0.98395455,0.004267198,0.011778191,0.01629520523949335,False
1eb9f288-09ca-4a84-921e-c216849164b3,2025-03-18,Technology,0,0,0.9901154,0.9901154,0.0039682,0.0059164255,0.013009709380296552,False
0dc5419a-309f-4d60-b9e1-88cef912db30,2025-01-08,Technology,0,0,0.9904275,0.9904275,0.0053699524,0.00420248,-0.02180608002839335,True
8dff9907-fc40-454f-ad27-24206a768e10,2025-02-14,Technology,1,2,0.5053571,0.008715481,0.4859274,0.5053571,0.00912615089496982,True
7592e144-b61c-4e78-8bbb-672beac48027,2025-06-28,Technology,2,2,0.9926076,0.0026649395,0.004727524,0.9926076,-0.008924671425053154,False
c44f8572-3277-4020-b3cf-c0d905d9aa0c,2025-05-08,Technology,2,2,0.9895146,0.0040244563,0.0064609856,0.9895146,-0.0012392207266846977,False
ae11e813-732a-471a-94a0-18957cb49375,2025-01-03,Technology,2,2,0.9909394,0.0030810905,0.005979561,0.9909394,0.012725344644750836,True
27f2d481-1873-43e5-954e-851c233dfa11,2025-01-02,Technology,2,2,0.9919493,0.005694501,0.0023561625,0.9919493,0.01629520523949335,True
8187d92e-3b2e-4c6c-988f-8e43b9cfab77,2025-04-01,Technology,0,0,0.9902227,0.9902227,0.0043670484,0.0054103313,0.007404169649793069,False
b872e50d-bd5f-4dae-bae6-0064783203bc,2025-02-23,Technology,2,2,0.91458905,0.0031477008,0.082263276,0.91458905,-0.01295840383215685,False
1f3dc9e9-1f47-4c35-bde5-af44ee89c10d,2025-03-12,Technology,0,0,0.9905342,0.9905342,0.0056975186,0.00376835,-0.01899087846166503,True
bf8cfd71-cbda-4866-9f7e-0d9593ccc4a7,2025-03-03,Technology,0,0,0.98078406,0.98078406,0.016256737,0.0029592027,-0.0007774188062780185,True
6c2240b0-81f0-4405-9207-90b5f14a6841,2025-03-28,Technology,0,0,0.99030226,0.99030226,0.0042238384,0.005473915,0.00048449870317290866,False
7df79168-4f64-4913-ad73-aa643b0bec33,2025-02-26,Technology,1,2,0.9244089,0.070351146,0.0052399426,0.9244089,-0.03640694226021357,False
c769ebcf-e1ac-4f24-a4d1-bdc968c993b9,2025-05-15,Technology,0,0,0.98788595,0.98788595,0.008048762,0.004065221,0.0018767432166073572,False
82ac1921-8891-49cd-835e-c79d72eada05,2025-02-05,Technology,2,2,0.9908433,0.0025784846,0.0065781996,0.9908433,0.002732821140853714,True
afa1553d-cd2e-4260-9929-42d1bdc2435b,2025-02-18,Technology,1,2,0.9855584,0.006411013,0.008030602,0.9855584,8.254465382240284e-05,True
ad57c277-d43b-440f-898e-d0b6d8ab8b0a,2025-01-06,Technology,2,2,0.9928885,0.0036587946,0.0034527692,0.9928885,-0.020062799104221152,False
8843e1ab-48f8-489c-8d39-83fd376a61cc,2025-03-03,Technology,0,0,0.9909204,0.9909204,0.004669256,0.004410445,-0.0007774188062780185,True
8d84af38-099a-4f24-a71b-18211bd68265,2025-05-07,Technology,2,2,0.99314535,0.0029210867,0.003933542,0.99314535,0.009545422278383953,True
93211693-6927-4c16-9dc5-87c27e4c190b,2025-06-02,Technology,2,2,0.99111557,0.003590798,0.005293617,0.99111557,0.015024683605287414,True
43966bbe-e61d-43dd-8570-c084ed16846c,2025-03-25,Technology,2,2,0.99169683,0.0029516707,0.0053514615,0.99169683,-0.022303687839915987,False
1aa52747-be5e-4419-add8-30aece67702f,2025-02-08,Technology,0,0,0.9799627,0.9799627,0.017383188,0.002654158,0.0004656701794221174,False
9a8a7637-f066-4efd-95bb-e29a54e0abbe,2025-03-03,Technology,0,0,0.98957413,0.98957413,0.0049156784,0.0055102627,-0.0007774188062780185,True
9da0bdef-9e04-413b-9e58-c50dd4ab734a,2025-03-03,Technology,0,0,0.99099684,0.99099684,0.0038652306,0.0051379544,-0.0007774188062780185,True
87cc58a3-808b-4124-aec1-5b1169da59ee,2025-03-02,Technology,0,0,0.9892902,0.9892902,0.0034277262,0.007282102,-0.0007774188062780185,True
78f372d0-16c9-4c28-a9f6-149267a52736,2025-06-24,Technology,2,2,0.99235195,0.004325555,0.003322503,0.99235195,0.008534220043163065,True
f8fbc868-a37d-4f67-b7d8-bdad083ad78c,2025-05-14,Technology,2,2,0.9931171,0.0034786847,0.0034041598,0.9931171,0.0013667281371725348,True
e35130f3-cbc1-49a0-9e5e-aaf876b02f68,2025-03-21,Technology,2,2,0.9884644,0.002807049,0.008728584,0.9884644,0.017152729733521,True
5371fe33-bbb2-4026-b659-a10140e8c56e,2025-06-27,Technology,2,2,0.9919956,0.0043444913,0.0036599603,0.9919956,0.009809751617682938,True
33cd12d3-875d-43dc-a229-4167e2794068,2025-03-03,Technology,0,0,0.9872088,0.9872088,0.009475482,0.0033157791,-0.0007774188062780185,True
c6628555-e151-4a08-b0d8-7f9dd5f5f1f9,2025-06-23,Technology,0,0,0.98923165,0.98923165,0.007307832,0.0034604694,0.017951253798991207,False
e8f10c50-cc08-4c26-993d-0007b38536bc,2025-04-03,Technology,0,0,0.9901619,0.9901619,0.0036564434,0.006181672,-0.06587102848836213,True
c0397e5e-15ae-4de9-adee-7f8a7cb9fbe4,2025-02-26,Technology,2,2,0.99139977,0.002603253,0.0059970333,0.99139977,-0.03640694226021357,False
b42dbff0-dc23-46f6-9dd8-2fd08daf0416,2025-05-13,Technology,2,2,0.9803991,0.016868198,0.0027327891,0.9803991,0.006491315438573064,True
59e00015-2654-4c25-849e-f5285399a508,2025-03-24,Technology,2,2,0.5168776,0.47906414,0.004058247,0.5168776,0.003308372947428806,True
7a65bc6c-7b72-4b4b-9b3e-16cd23f77048,2025-02-10,Technology,2,2,0.9907901,0.0030250982,0.0061847772,0.9907901,0.0004656701794221174,True
c5aef7cf-2a93-4807-b717-09c0fe40e2d8,2025-03-03,Technology,0,0,0.9902159,0.9902159,0.004019119,0.0057650344,-0.0007774188062780185,True
19e1ec7d-b235-4752-ad30-785c59df85b8,2025-01-04,Technology,2,2,0.9856204,0.006657269,0.0077224015,0.9856204,-0.020062799104221152,False
e83591f3-9640-4929-9394-a086b99883dc,2025-01-02,Technology,2,2,0.99218965,0.0036460466,0.004164289,0.99218965,0.01629520523949335,True
122e8e23-b346-4c0e-9f38-d9dee6b3c2ea,2025-02-12,Communication Services,2,2,0.99132895,0.0060158973,0.0026550672,0.99132895,0.011499756217702162,True
9192ea13-65cb-4a93-b6c8-9b1421af51c9,2025-06-02,Technology,0,0,0.98961776,0.98961776,0.00661571,0.003766485,0.015024683605287414,False
8e747321-6ed4-4d9a-870f-301faa6effde,2025-05-07,Technology,2,2,0.97592044,0.019659836,0.0044197505,0.97592044,0.009545422278383953,True
1c95321b-5629-4597-ad47-06f30f1e2252,2025-03-15,Technology,2,2,0.99231297,0.0044368147,0.0032502604,0.99231297,-0.015225358078311713,False
2217659d-1ec1-4df3-932e-bd2e71c5a0c8,2025-05-20,Consumer Cyclical,0,0,0.99008405,0.99008405,0.004178485,0.005737412,-0.020274984527899886,True
fe8f957a-522d-4c49-92ad-309061da0dd5,2025-05-06,Technology,0,0,0.9856435,0.9856435,0.011377147,0.0029792734,0.010015441606155528,False
2e73a0de-8e00-4a19-a7eb-fe251c77d479,2025-05-12,Technology,2,2,0.9924063,0.0026444788,0.0049492493,0.9924063,0.021607370377188184,True
9b76defd-6c2e-43fb-bd41-939993bf140d,2025-04-03,Technology,0,0,0.9883537,0.9883537,0.0071545113,0.004491632,-0.06587102848836213,True
521c8903-458c-45d6-af56-3c3e862b4846,2025-02-21,Consumer Cyclical,0,0,0.9903758,0.9903758,0.0057879994,0.0038362257,-0.0037547143537770555,True
4e6353b3-b0d5-4fb1-8cc5-03ce4ff63212,2025-05-08,Technology,2,2,0.99320716,0.003375574,0.0034171855,0.99320716,-0.0012392207266846977,False
aa091ff3-abae-4848-b9d6-924a23df38e8,2025-03-20,Technology,2,2,0.9893379,0.0026227494,0.008039399,0.9893379,0.002718163922496908,True
918b5c01-6d1a-4678-bb8f-44a7e3edf786,2025-03-13,Technology,2,2,0.99127465,0.005684659,0.0030407696,0.99127465,0.030241734896216732,True
8d6128a2-11ca-40ca-a6bf-c44e01cf6f88,2025-05-15,Technology,2,2,0.75285417,0.24122314,0.0059227664,0.75285417,0.0018767432166073572,True
4a6328ce-34ed-424f-ba57-f79e4b0585af,2025-03-19,Technology,2,2,0.9913515,0.0032994363,0.005349087,0.9913515,-0.007119253423411465,False
046db7b0-7146-4dd7-8eab-e5e05e22cbd9,2025-02-25,Communication Services,0,0,0.9899075,0.9899075,0.004992533,0.0051000062,-0.0017700885126782362,True
42f9602c-eca4-4300-aa53-83e7751dbd7b,2025-04-04,Technology,0,0,0.98852044,0.98852044,0.004100084,0.0073795286,0.00597692397797811,False
31ee00f7-1436-4430-af8a-b24e26dff7b5,2025-01-07,Consumer Cyclical,0,0,0.9609493,0.9609493,0.016363984,0.022686757,0.0028329418571397813,False
610c2650-c0e0-4e83-8424-b74f05ce808a,2025-05-12,Technology,2,2,0.9901203,0.0064211516,0.0034585015,0.9901203,0.021607370377188184,True
71a3b6f4-32c6-461e-9794-b6e03e7bdadf,2025-05-11,Technology,2,2,0.99297607,0.0036240795,0.0033998727,0.99297607,0.021607370377188184,True
ec00cc7e-ae0b-48e1-b982-a3d2cbe82fbf,2025-04-22,Communication Services,0,0,0.9908118,0.9908118,0.0048535448,0.0043347217,0.016025606702534168,False
37b49c78-89b6-4dc7-981f-d675f91a6919,2025-06-03,Communication Services,2,2,0.98966634,0.008365661,0.001968007,0.98966634,0.006397023147076908,True
ef573249-32b9-4262-a9a0-a24946152f01,2025-05-13,Communication Services,2,2,0.9915604,0.0051233983,0.0033162313,0.9915604,0.005191217749489052,True
d2c99966-53e7-428c-9c36-7b3afb29d370,2025-01-28,Communication Services,2,2,0.99285805,0.0040498446,0.0030920636,0.99285805,0.004437039891157291,True
20c786c4-3938-49a5-b709-093c849a69e7,2025-03-25,Communication Services,0,0,0.990167,0.990167,0.005657842,0.0041751387,-0.008505163925865977,True
63d9741d-2ebc-43d0-87f0-de570c1f8549,2025-03-10,Communication Services,0,0,0.99055415,0.99055415,0.004978266,0.0044675968,-0.014725456876211185,True
1e28a8ae-bf81-4ad2-872d-4bc2a815f499,2025-02-06,Communication Services,2,2,0.9923366,0.0042037833,0.0034597006,0.9923366,-0.002136764011843484,False
77e69f77-7080-44b7-93e5-136f010633e4,2025-06-30,Consumer Cyclical,2,2,0.9927779,0.002652784,0.0045693326,0.9927779,0.004279172999336778,True
8e5ae411-0c77-4abc-b012-7e74b724472d,2025-04-29,Consumer Cyclical,0,0,0.9886079,0.9886079,0.003561708,0.007830345,-0.009092343149587956,True
68653929-bf0e-4071-8450-c6a63e399d43,2025-03-04,Consumer Cyclical,0,0,0.9897433,0.9897433,0.0044099935,0.0058467407,0.015222810628716221,False
ce71ce6c-aa9f-4e87-9e47-cee2b2b8506f,2025-06-24,Consumer Cyclical,2,2,0.99066764,0.0056433617,0.003688945,0.99066764,-0.011781591582533113,False
239895f0-a687-4366-b2b2-f71758424e78,2025-03-04,Consumer Cyclical,0,0,0.989365,0.989365,0.0044595064,0.0061755837,0.015222810628716221,False
966f83b0-c8e3-4838-bfa8-7778fb365c3d,2025-03-08,Consumer Cyclical,0,0,0.9899311,0.9899311,0.004741866,0.005327088,-0.009781689222485013,True
6b664bce-9f95-47f3-a373-b18f3725bc9e,2025-04-08,Consumer Cyclical,0,0,0.939378,0.939378,0.056161027,0.0044609345,0.10888055657805773,False
53d53a53-0579-4f97-8f03-5ca2757dbdd3,2025-06-18,Consumer Cyclical,0,0,0.9901141,0.9901141,0.0034312403,0.006454584,0.0011880435712658954,False
6f2c3662-0e98-4476-b42c-c5c85740c743,2025-06-24,Energy,2,2,0.9919178,0.0027275903,0.005354678,0.9919178,-0.004357587217336811,False
f067b24a-3c84-4685-8e26-f6e515c57406,2025-07-01,Energy,0,0,0.98999816,0.98999816,0.0038829825,0.0061188466,0.017201044189692816,False
9556e275-4f89-451d-b781-f65396f17b36,2025-03-11,Energy,0,0,0.9896292,0.9896292,0.0044623907,0.0059082718,0.004577724175463427,False
92ddd2ad-cf23-40a0-ab8d-889e68d9c9e7,2025-03-11,Energy,2,2,0.99050635,0.005693342,0.003800362,0.99050635,0.004577724175463427,True
87980b0c-1c7c-4723-be97-5826deda26e9,2025-01-28,Financial Services,0,0,0.9471538,0.9471538,0.039544214,0.013301966,-0.0007794410710288968,True
2cfaeceb-a47b-4d60-a340-c5d328c92388,2025-06-28,Financial Services,2,2,0.9920105,0.0029470355,0.005042557,0.9920105,0.005537539076610143,True
bdc40ac9-8da7-4fdb-9644-c5bece3293e4,2025-05-06,Financial Services,0,0,0.9880314,0.9880314,0.0039436934,0.008024916,0.005899123605115575,False
523ff206-2ecc-4c99-b2ff-70fa929718f7,2025-05-20,Financial Services,0,0,0.9883045,0.9883045,0.0037419621,0.007953588,-0.020451874443705442,True
c4e6efc6-fbfe-4ab5-a633-19c73705365a,2025-06-10,Financial Services,0,0,0.5378944,0.5378944,0.45800275,0.0041027972,-0.001175114995637272,True
bcc5ad58-5968-484e-b918-fe43861611e6,2025-02-11,Financial Services,2,2,0.9918578,0.003754612,0.004387485,0.9918578,-0.0034924389208063067,False
d50990a5-dc6d-421d-a596-01d9940c7a05,2025-06-03,Healthcare,0,0,0.9887038,0.9887038,0.005651701,0.0056444425,0.0019544050907440713,False
9ca8504b-ee32-49a4-9090-b232f25e2cae,2025-02-04,Healthcare,2,2,0.9920142,0.004497377,0.0034883984,0.9920142,0.009589252764488299,True
41c955d6-ce4c-45b6-9f62-701f9716f2a4,2025-04-08,Healthcare,1,2,0.9923091,0.0033452874,0.0043455577,0.9923091,0.043465174951121455,True
a8ccaf86-43b9-40ac-9711-4aad7d6ee493,2025-01-07,Industrials,0,0,0.9885815,0.9885815,0.004992673,0.0064259088,0.003930493276387281,False
8c6fceb9-0914-40c1-8f5c-08871e6794cb,2025-01-28,Industrials,0,0,0.9880626,0.9880626,0.008355228,0.0035821653,-0.0033994014131100148,True
ecb256e4-d0cc-4093-94a4-bed8b74fe4ce,2025-06-10,Industrials,2,2,0.9924132,0.0034155939,0.0041711982,0.9924132,0.00048558871546022786,True
1b1091e1-bf73-4637-bca5-ad83330bf4c3,2025-02-18,Real Estate,0,0,0.9892324,0.9892324,0.007388162,0.0033793757,0.0018953288981262695,False
19f9e812-d8a3-41e3-ac87-602ac9e6b989,2025-06-17,Real Estate,2,2,0.9927689,0.004505387,0.002725728,0.9927689,0.0019157527363558025,True
087a852d-95a4-4cb3-9007-ff4681836cfa,2025-06-28,Services,0,0,0.9843975,0.9843975,0.002997236,0.012605339,-0.00032362414789344207,True
a1c4e491-1ea0-4f78-9070-2fecb3d94aa1,2025-06-17,Services,0,0,0.9863708,0.9863708,0.004189977,0.009439167,-0.00015066498929716676,True
fd5fcb9a-981f-4fb8-a5cf-27c497c36d59,2025-03-28,Services,2,2,0.99182844,0.0051914966,0.0029800402,0.99182844,0.0067128130226792315,True
6a967d96-12e8-4dda-ae97-8ecc8cf58c3e,2025-05-27,Services,0,0,0.9872759,0.9872759,0.004275104,0.008449036,-0.005785407771406903,True
3122df6e-ea85-49d9-b953-def318e49226,2025-05-12,Services,2,2,0.9929422,0.0029256018,0.004132194,0.9929422,0.006603949785734642,True
c449e24f-9af8-46d3-8d67-7dc6e21b2a30,2025-02-25,Utilities,0,0,0.98191893,0.98191893,0.003315865,0.014765153,0.004152533358319888,False
696e1b86-46d4-47c6-8b3a-a224909e5e6e,2025-06-17,Utilities,2,2,0.99245775,0.0023008627,0.0052414387,0.99245775,0.0026135543056704513,True
f44e6f07-1605-40d9-9b14-2d3af0911e34,2025-02-11,Utilities,2,2,0.99064386,0.0066501065,0.0027059948,0.99064386,-0.0017634386034104388,False
f6ebaaaa-91aa-4986-b640-06ad5aa2540f,2025-05-13,Utilities,0,0,0.9563533,0.9563533,0.040323153,0.0033235129,-0.004394205491727199,True
f7ac8582-75ee-4acd-9cad-de561b259dd1,2025-06-20,Technology,2,2,0.9922626,0.0036584013,0.0040789302,0.9922626,0.009728160231118554,True
f853ce76-aeaf-4a86-b764-851c5574907c,2025-05-08,Technology,2,2,0.99321896,0.0037258125,0.003055233,0.99321896,-0.0012392207266846977,False
c7a5c852-8f8f-48f7-9c51-520b09add56e,2025-02-17,Technology,2,2,0.9921313,0.003291829,0.004576838,0.9921313,8.254465382240284e-05,True
79d886ed-da4c-4231-b6f3-9f8e08928dca,2025-05-02,Technology,2,2,0.9921079,0.002749307,0.005142749,0.9921079,-0.0053090526441254005,False
a17ed989-e600-4e70-b9ed-7bcd4d5f7b1d,2025-01-05,Technology,2,2,0.9934701,0.003129024,0.0034008601,0.9934701,-0.020062799104221152,False
e46575e0-91c8-403d-8c42-b5401200180d,2025-06-25,Technology,0,0,0.9905847,0.9905847,0.003953787,0.0054614684,0.00689793935673344,False
d23ba652-8429-45ba-a9a9-2b4ac568aa5e,2025-06-02,Technology,2,2,0.99286675,0.0028270532,0.004306199,0.99286675,0.015024683605287414,True
b7bffa1a-2fae-4fba-907a-c4238e87f734,2025-02-10,Technology,2,2,0.98619866,0.009778695,0.0040225773,0.98619866,0.0004656701794221174,True
0c36c3cc-ffbb-4210-82c7-0e5926dc56e5,2025-05-06,Technology,0,0,0.98757625,0.98757625,0.008751426,0.0036723274,0.010015441606155528,False
a4b7491c-f213-43cb-a87c-13124816fc1e,2025-02-17,Technology,2,2,0.99111897,0.0057383343,0.003142672,0.99111897,8.254465382240284e-05,True
b49fae47-8a1c-44cf-9356-88ba4b0e038a,2025-06-25,Technology,2,2,0.99188215,0.005006019,0.003111873,0.99188215,0.00689793935673344,True
dca50edc-2a0a-4cbf-9865-8fc85bdba151,2025-03-28,Technology,2,2,0.7440466,0.0077018184,0.24825153,0.7440466,0.00048449870317290866,True
4b138157-672c-4a0f-bf9c-d9165cd15912,2025-05-02,Technology,0,0,0.9885633,0.9885633,0.00414973,0.007287047,-0.0053090526441254005,True
12afaf03-529a-4d5d-82b4-bd9dee415673,2025-06-25,Technology,2,2,0.97467935,0.022865158,0.0024555353,0.97467935,0.00689793935673344,True
c1182a21-2937-4835-a747-cf02e9f0dcf9,2025-04-06,Technology,2,2,0.99230367,0.0047848104,0.0029114748,0.99230367,-0.020331466531262166,False
78cb4500-e380-4aae-977d-4cef64c8c042,2025-05-04,Technology,2,2,0.99266136,0.004564102,0.0027745315,0.99266136,-0.00830784595351386,False
f7ce5237-7db4-43ae-b93f-96b8a18a02f8,2025-02-20,Technology,2,2,0.99191976,0.0033434264,0.0047368463,0.99191976,-0.027090876292250043,False
4e2bdeba-6602-4a2a-8c19-ae8f7399b9ff,2025-06-28,Technology,0,0,0.98279613,0.98279613,0.013004347,0.004199488,-0.008924671425053154,True
fb1eb992-c2a4-415d-9632-7b9f360aa4ee,2025-05-12,Technology,2,2,0.9932247,0.0038090732,0.0029662107,0.9932247,0.021607370377188184,True
51b0d133-9d65-402c-8d02-e99081732da7,2025-05-13,Technology,2,2,0.9933844,0.002728568,0.0038869746,0.9933844,0.006491315438573064,True
768100a3-b744-46fb-99dc-8d7854cddeb3,2025-06-18,Technology,2,2,0.9935866,0.003610949,0.0028024819,0.9935866,-0.0044286549460524904,False
c6338c9f-ed6d-433f-823e-084aeec47b05,2025-02-10,Technology,0,0,0.9897001,0.9897001,0.0048336308,0.005466294,0.0004656701794221174,False
9122f11f-07a3-4be6-a5d3-69e128cfa0f6,2025-03-11,Technology,2,2,0.9915564,0.0035291195,0.004914485,0.9915564,0.015738958135123937,True
b89ab146-71f7-4ec1-aa44-be22aa28fe0f,2025-06-25,Technology,2,2,0.9926144,0.0039426577,0.003442954,0.9926144,0.00689793935673344,True
2de11eac-b331-4a67-a025-1725f2a14f23,2025-02-20,Technology,2,2,0.9911007,0.00614347,0.0027557958,0.9911007,-0.027090876292250043,False
ada2dde2-4921-4655-9f7e-bbee8409b34d,2025-02-20,Technology,0,0,0.9885473,0.9885473,0.003680439,0.007772316,-0.027090876292250043,True
c051455f-7860-440e-ae67-23a33dbc6d55,2025-02-05,Technology,0,0,0.99107087,0.99107087,0.003593858,0.0053353147,0.002732821140853714,False
e3928469-9a80-4223-9369-2ed771032814,2025-03-27,Technology,2,2,0.9911907,0.0064468733,0.0023624415,0.9911907,-0.02425412395279347,False
5dec1803-cd94-4d4d-bc83-43aa3837211b,2025-03-04,Technology,2,2,0.9926847,0.0034512852,0.003863946,0.9926847,0.014050376769879858,True
0b3e641e-999e-404f-bbcb-c0634d2988e7,2025-02-23,Technology,2,2,0.98868215,0.005956537,0.0053613535,0.98868215,-0.01295840383215685,False
1124c7df-fb2e-4312-a6ef-c09381090b3a,2025-05-12,Technology,2,2,0.9932156,0.0035136635,0.0032706764,0.9932156,0.021607370377188184,True
680e3afe-04e6-4134-8acd-2e9a65ab2bf4,2025-06-10,Technology,2,2,0.99124897,0.004390154,0.00436089,0.99124897,-0.0022003520157792833,False
cfd7e539-f84c-42f4-a0bd-872dc9976f4a,2025-02-12,Technology,1,0,0.97771287,0.97771287,0.009672884,0.012614231,0.014163328954945653,False
74a5dd24-1209-49ef-8c5e-2e4a4eb214dc,2025-03-10,Technology,0,0,0.99027467,0.99027467,0.006102182,0.0036231256,-0.00406215581130509,True
82da29cb-e2d2-44f3-8858-520be1f7d50f,2025-01-06,Technology,2,2,0.9920632,0.0032440098,0.0046928045,0.9920632,-0.020062799104221152,False
2760dd68-d1d4-4498-a268-ef0bb0c83a21,2025-02-09,Technology,2,2,0.9925991,0.0024029354,0.004997951,0.9925991,0.0004656701794221174,True
29086c6f-bbea-4ced-9156-b8fcab1919b6,2025-06-17,Technology,2,2,0.98708177,0.0023088057,0.010609421,0.98708177,0.0012016959942455774,True
97ea4398-db79-468a-9622-73d4145f527b,2025-06-23,Technology,2,2,0.8847628,0.11253235,0.0027047738,0.8847628,0.017951253798991207,True
cf9f4b39-a915-4d40-895c-2f02c3323a0d,2025-03-21,Technology,0,0,0.9905647,0.9905647,0.0047093634,0.0047259266,0.017152729733521,False
8d52b050-244e-439c-a045-b6e95650872f,2025-06-06,Technology,2,2,0.99295324,0.0037748648,0.003271918,0.99295324,0.0049085340071712835,True
aed5b889-4efc-4801-b51f-6503e741c53e,2025-02-16,Technology,0,0,0.98991627,0.98991627,0.0032934155,0.0067902803,8.254465382240284e-05,False
49582c44-debe-4668-a9d5-801635480b7b,2025-04-03,Technology,0,0,0.9902416,0.9902416,0.0044567077,0.0053017177,-0.06587102848836213,True
16f5c6ae-c273-43de-b9b1-65cb83afa11c,2025-05-06,Technology,0,0,0.6675362,0.6675362,0.22707015,0.10539372,0.010015441606155528,False
c2d13cfa-a19e-4d62-9cd0-2b08bca5eccb,2025-01-05,Technology,2,2,0.99263555,0.0029512965,0.0044132303,0.99263555,-0.020062799104221152,False
47e4d484-aa14-40e7-b7e3-c1773e30a449,2025-01-04,Technology,2,2,0.99317825,0.0025389765,0.00428277,0.99317825,-0.020062799104221152,False
be687dac-1f86-442b-87f0-96250e284417,2025-03-05,Technology,0,0,0.9879287,0.9879287,0.008098549,0.0039727297,-0.0277565056279222,True
01610d33-0fe2-4072-9932-dce4f6c6b9a0,2025-03-25,Technology,2,2,0.99092686,0.006780486,0.002292676,0.99092686,-0.022303687839915987,False
18146b6e-0f95-4c5a-9166-ec92e02d199b,2025-02-19,Technology,2,2,0.9933467,0.0037300498,0.002923329,0.9933467,-0.0031794080310454387,False
5205dc4e-3120-4626-b4df-39ef039154ed,2025-03-25,Technology,1,2,0.5869118,0.40256956,0.010518595,0.5869118,-0.022303687839915987,False
8f66c8c2-6dad-4917-a70e-ba12fb96f9ca,2025-06-06,Technology,2,2,0.9907126,0.0037932391,0.005494154,0.9907126,0.0049085340071712835,True
8cae5a4d-d0eb-47ac-89c7-c51f585c3239,2025-02-20,Technology,0,0,0.98939663,0.98939663,0.006165483,0.0044379095,-0.027090876292250043,True
a944a46f-4596-4690-9c5d-00c4f1ce0bbd,2025-03-27,Technology,0,0,0.9861384,0.9861384,0.01050817,0.0033534649,-0.02425412395279347,True
00faa938-145e-4ae0-a364-bf7450f29204,2025-06-20,Technology,0,0,0.9757864,0.9757864,0.021370143,0.002843548,0.009728160231118554,False
80359232-2383-4e19-a9a8-8f23b845aae8,2025-01-07,Technology,2,2,0.9923813,0.0049636783,0.0026550344,0.9923813,-0.00034194660950126465,False
f691a819-e406-4e66-8fd9-c5452a045059,2025-05-13,Technology,1,0,0.9877686,0.9877686,0.008541921,0.0036895485,0.006491315438573064,False
76418924-9744-4a6f-9792-6d64b2dfd8d3,2025-04-04,Technology,0,0,0.99106735,0.99106735,0.004888669,0.0040439703,0.00597692397797811,False
adcd45be-1f02-4f27-9f39-44eb8f99566d,2025-03-27,Technology,0,0,0.989363,0.989363,0.0046721897,0.0059648156,-0.02425412395279347,True
688aabfa-4ad1-4778-b5c8-92dab3dbd8cc,2025-02-22,Technology,0,0,0.92062694,0.92062694,0.0767354,0.0026376778,-0.01295840383215685,True
43ce8cb6-80f3-4af6-94ab-de067e6ded8d,2025-03-19,Technology,2,2,0.99165,0.0044515133,0.003898504,0.99165,-0.007119253423411465,False
d4425776-db08-49cf-bbd4-9876674ae547,2025-02-03,Technology,2,2,0.9922954,0.0029198758,0.0047848043,0.9922954,0.014404913584792123,True
5035b1e4-dedf-4865-9469-a06ef2d29b06,2025-05-02,Technology,2,2,0.859214,0.13725051,0.00353542,0.859214,-0.0053090526441254005,False
59ef81e9-69d3-4577-806e-cf8608273a25,2025-02-25,Technology,0,0,0.99042153,0.99042153,0.005161809,0.0044166325,0.01089670278334176,False
81d57911-b13f-4610-bd74-1d87b8f97f0a,2025-02-14,Technology,2,2,0.99143654,0.004283289,0.0042801434,0.99143654,0.00912615089496982,True
07b02e48-1871-4691-834c-e74d7e88c4be,2025-02-07,Technology,2,2,0.99276954,0.003175172,0.0040552183,0.99276954,0.014603529720491837,True
e5eb2051-d57b-4a6e-b04b-db793ef0c167,2025-06-10,Technology,2,2,0.99259466,0.003058,0.004347339,0.99259466,-0.0022003520157792833,False
8f70578f-4dab-4ba1-b5bc-7454df38c7b0,2025-02-25,Technology,1,0,0.6134068,0.6134068,0.38347936,0.003113926,0.01089670278334176,False
4ef80a4b-750e-4bea-bd55-e13022f1d2a8,2025-03-11,Technology,0,0,0.98079956,0.98079956,0.0026607944,0.016539726,0.015738958135123937,False
e87daf0e-c7ad-4332-afb1-807c2cfa093a,2025-05-15,Technology,1,2,0.92981917,0.007379258,0.06280156,0.92981917,0.0018767432166073572,True
03f24583-5606-420b-8d89-9ef4dd80a480,2025-04-29,Utilities,2,0,0.9682949,0.9682949,0.0052391347,0.026465952,-0.005044155239411929,True
411d976b-32be-40a2-b339-4f1a1b7a392c,2025-03-24,Technology,2,2,0.992376,0.00451576,0.003108176,0.992376,0.003308372947428806,True
61250d72-d57c-4bc3-b40a-1dcebf5387a3,2025-05-05,Consumer Defensive,0,0,0.99078196,0.99078196,0.004985334,0.004232709,-0.008730946324418731,True
a0416440-f2e8-4e98-8e8b-b297ae3d94bd,2025-06-03,Services,2,2,0.9923307,0.0033201813,0.0043491744,0.9923307,-0.0002684731709600152,False
183918af-b71b-46ce-abab-62a5f2e2999a,2025-05-13,Real Estate,2,2,0.9926513,0.0036466264,0.0037020908,0.9926513,-0.008517850397210314,False
0b9fa423-58b5-4593-8581-d551d79487fa,2025-03-03,Technology,1,2,0.85032797,0.0048728,0.14479916,0.85032797,-0.0007774188062780185,False
6f564f34-d600-4f9c-970c-d06ab65c01c3,2025-02-17,Technology,2,2,0.9929206,0.0030290568,0.0040503447,0.9929206,8.254465382240284e-05,True
b553a93c-19f3-4f5b-824e-115da870e70a,2025-02-15,Technology,2,2,0.9923016,0.004853325,0.002845145,0.9923016,8.254465382240284e-05,True
4f2d655c-2388-4d34-bf25-607e69fbdcc9,2025-05-03,Technology,2,2,0.9933648,0.0032468536,0.0033883962,0.9933648,-0.00830784595351386,False
c716ba5f-f8bc-4157-85a8-768247af105e,2025-04-07,Technology,0,0,0.88832814,0.88832814,0.004531778,0.10714013,-0.020331466531262166,True
586fd19b-d860-422d-a400-4de3acefd1fc,2025-03-15,Technology,0,0,0.9886579,0.9886579,0.0070737363,0.0042683305,-0.015225358078311713,True
b959bef4-a261-4c51-abaf-8069369c4472,2025-01-04,Consumer Cyclical,2,2,0.9873449,0.010393912,0.0022611327,0.9873449,-0.01935881865740008,False
64f5f108-4c7d-4fd7-88c4-7dcadee23a29,2025-06-04,Technology,2,2,0.5443267,0.42267326,0.033000067,0.5443267,-0.0028293841229337646,False
1c8e1ecc-f9b5-43bb-81d2-2b94d3a2509e,2025-05-13,Technology,2,2,0.98979014,0.0019587409,0.008251127,0.98979014,0.006491315438573064,True
6f46c1f7-cd57-42f2-b518-5492f14d8e50,2025-03-12,Technology,0,0,0.9865133,0.9865133,0.0032487977,0.010237869,-0.01899087846166503,True
c595f87f-84b9-47af-b098-a262fc888fbb,2025-03-26,Financial Services,2,2,0.9909862,0.004108113,0.004905686,0.9909862,-0.0019888320713777885,False
593bf663-0bd9-4cca-80ec-9b71e4839729,2025-06-23,Technology,2,2,0.98978513,0.0022233569,0.007991508,0.98978513,0.017951253798991207,True
29e16394-0891-4c56-bfde-5565260c4bee,2025-02-14,Technology,2,2,0.99050176,0.0023209716,0.007177261,0.99050176,0.00912615089496982,True
a429d77b-f55e-49dd-8539-bd118b0b7ebe,2025-04-15,Energy,2,2,0.9924523,0.0029202038,0.004627518,0.9924523,0.008222566368008888,True
71b7e3cc-5959-44e5-976f-ddb978680aa8,2025-02-05,Technology,2,2,0.99184436,0.0028411502,0.005314466,0.99184436,0.002732821140853714,True
9d98c581-0269-4a64-a14d-9e9ca1038d49,2025-03-13,Technology,1,0,0.98950994,0.98950994,0.007046436,0.0034437254,0.030241734896216732,False
f506ae90-6cab-4cc8-8c20-8b3958fdca86,2025-04-01,Communication Services,1,2,0.98913467,0.00786786,0.0029974617,0.98913467,0.0035229129661678016,True
199793f8-5357-4619-9331-104f890615f6,2025-06-24,Communication Services,2,2,0.9904801,0.005953579,0.003566296,0.9904801,-0.00019010046396261693,False
27480ffa-1b55-4452-9946-f81f39032807,2025-03-18,Communication Services,2,2,0.99029154,0.005445816,0.0042627077,0.99029154,0.011886136441664918,True
2e935aa7-504f-4743-af48-679024e66601,2025-03-08,Communication Services,0,0,0.9853725,0.9853725,0.0029225787,0.011704969,-0.014725456876211185,True
eb40682e-834c-46ca-9f29-335dc638a709,2025-03-04,Communication Services,2,2,0.9930228,0.0030382508,0.0039389683,0.9930228,0.012876830820499618,True
1ec30685-081c-485e-bf8e-bb12c07ca565,2025-04-15,Communication Services,2,2,0.5669458,0.013854922,0.41919932,0.5669458,-0.026924365872329492,False
eee05ecf-95a8-4f30-b384-09e4483fdd34,2025-01-21,Communication Services,2,2,0.9931085,0.0025899394,0.0043015787,0.9931085,0.009972559177885643,True
bcf8c096-71eb-469a-9393-f95da154fc76,2025-05-13,Consumer Cyclical,2,2,0.9926057,0.003870223,0.0035241267,0.9926057,0.0038554526001537415,True
c8a48e2c-10eb-40d8-8a0f-3c6e8af0d333,2025-02-25,Consumer Cyclical,0,0,0.98969054,0.98969054,0.004920441,0.0053890143,-0.004112181397065817,True
2e53dea0-dcb3-42d7-a38e-a378e07f0e4d,2025-03-18,Consumer Cyclical,2,2,0.9906013,0.004149924,0.0052488004,0.9906013,0.019173161311975218,True
3ee4ede2-def9-48ac-b50c-3f08538b98bf,2025-03-25,Consumer Cyclical,2,2,0.9908738,0.0069769653,0.0021492,0.9908738,-0.013063337535576758,False
adb339e7-91a3-4693-8c20-a1378ad6d389,2025-03-25,Consumer Cyclical,0,0,0.98595643,0.98595643,0.010793362,0.0032502199,-0.013063337535576758,True
0348d7b2-9d89-474d-95aa-fab5d4589971,2025-07-01,Consumer Cyclical,2,2,0.9895111,0.005099953,0.0053889,0.9895111,0.008017960432713078,True
ec1d9862-6be8-4f69-b5ab-92d4c9c0d077,2025-04-29,Energy,0,0,0.97241104,0.97241104,0.0249251,0.0026638662,-0.026955194807769756,True
0a8fe22e-572d-4d0b-9022-bbb87a939d12,2025-07-01,Energy,0,0,0.99075305,0.99075305,0.0042799716,0.00496697,0.017201044189692816,False
bf09310b-3bbc-4fa5-ad6b-93bd6ea6ba7e,2025-02-04,Energy,2,2,0.990836,0.0054093883,0.003754593,0.990836,0.0021102003495592214,True
c79cf746-bde9-4957-8c39-c373d32b2189,2025-05-13,Energy,0,0,0.98731726,0.98731726,0.00391003,0.008772688,-0.00606268699333623,True
ccedfbe9-2274-41f7-bbbd-477b86a72400,2025-06-17,Financial Services,2,0,0.9676865,0.9676865,0.0021895778,0.030123916,-0.0003980982702125324,True
c792170e-a682-470a-ae05-8a9b24bf2f97,2025-04-01,Financial Services,2,2,0.9908112,0.006822889,0.0023658562,0.9908112,0.008241202963057415,True
9b6ab9f2-4562-4f61-9169-3d0061871739,2025-06-10,Financial Services,2,2,0.9927095,0.0029453835,0.0043450235,0.9927095,-0.001175114995637272,False
70ac49f1-a2ce-47e7-ac78-ff2542723f11,2025-06-27,Financial Services,2,2,0.98909646,0.0024322234,0.008471396,0.98909646,0.008278789305833145,True
30d0f74b-aa0d-4b95-bbf2-f20c4d920379,2025-01-28,Financial Services,0,2,0.97802025,0.014246825,0.007732863,0.97802025,-0.0007794410710288968,False
a8e37227-0295-41ad-b689-d55d33a68e87,2025-04-08,Healthcare,2,2,0.9929234,0.0024834143,0.004593173,0.9929234,0.043465174951121455,True
0c8e5195-c4c6-4a70-a0ee-b21707ffaac5,2025-05-27,Healthcare,2,2,0.99097,0.0028631762,0.0061667482,0.99097,-0.005145338345395878,False
a68c633c-41db-4115-8933-817e0e7f5820,2025-03-14,Healthcare,0,0,0.9872923,0.9872923,0.009749211,0.002958441,0.012695864829000092,False
a17aaddb-9033-46f0-a42d-d4949b591ce2,2025-07-01,Healthcare,0,0,0.9897977,0.9897977,0.00495625,0.005245943,-0.009874961869771326,True
5b3a8454-c4b8-46e5-8039-2b459a607264,2025-05-14,Healthcare,2,2,0.99307704,0.0035553228,0.0033677062,0.99307704,0.013124193409440377,True
70b7531c-2911-497e-bcc1-c239c8d901cf,2025-04-08,Healthcare,2,2,0.9904874,0.0055200127,0.0039926614,0.9904874,0.043465174951121455,True
94d60a82-3b0f-4072-9d4c-e9029e4f5aac,2025-06-28,Industrials,2,2,0.7226973,0.008570452,0.2687322,0.7226973,0.0033215172192513354,True
b9b1e7a8-b4d2-47a1-852c-30f0b31734d2,2025-05-27,Industrials,2,2,0.992969,0.0033647236,0.0036663131,0.992969,-0.004954235344172941,False
0baaf2da-b38a-4148-90c3-922ae87a508d,2025-01-04,Industrials,2,2,0.9928421,0.003252606,0.0039053874,0.9928421,-0.0009815723870172377,False
a80a52ea-b1af-4b66-b736-78c9298bed0a,2025-04-08,Industrials,2,2,0.9927878,0.0024357727,0.0047764215,0.9927878,0.08881639005250674,True
c3454416-75ee-4e4e-be18-55e5ed2f750b,2025-06-10,Real Estate,2,2,0.99132526,0.0063619427,0.0023128116,0.99132526,-0.00544635436252594,False
b0529e17-c80a-4c74-9273-b0255b3125d1,2025-03-25,Real Estate,2,0,0.8918568,0.8918568,0.0026451328,0.10549806,0.005082262488471656,False
c138a61b-5d76-41ab-bc06-14786219ba6c,2025-05-20,Real Estate,2,2,0.99167013,0.0030975952,0.0052322266,0.99167013,-0.026504311892117993,False
99603054-0f9d-4eb5-b951-5b2d237b31d1,2025-01-14,Real Estate,0,0,0.98854744,0.98854744,0.0071560433,0.0042964197,0.004247830259890062,False
c6bbff6d-0db7-4924-a9fc-3f62b2303088,2025-05-15,Services,2,2,0.8944283,0.1028049,0.002766817,0.8944283,0.00633402786844095,True
a4b289ef-32f6-4ef3-981d-c05f4ff18632,2025-01-09,Services,2,2,0.9916545,0.005395076,0.0029503906,0.9916545,0.0015504563889190415,True
87b5fb56-b2c9-4823-ab52-a660d0a56751,2025-01-07,Services,0,0,0.9847173,0.9847173,0.004160898,0.011121741,0.0014609947580461746,False
997c7155-a6f6-420d-abee-fc4b67f8ce5c,2025-05-05,Services,0,0,0.98814267,0.98814267,0.007283915,0.0045733866,-0.008358364343191038,True
6ddb36e7-5697-4d98-8d5d-7d10b47e51c2,2025-02-04,Utilities,0,0,0.9906053,0.9906053,0.0043803384,0.0050144587,0.01005023544855943,False
123ec630-4d2c-4cef-9e45-a8155b65968c,2025-07-01,Utilities,2,2,0.9914727,0.0020142249,0.0065130414,0.9914727,-0.008664865307764225,False
cb2bd9c5-f027-4411-9c6f-4654451db35c,2025-02-25,Utilities,0,0,0.98942834,0.98942834,0.0060403766,0.004531298,0.004152533358319888,False
73bc11eb-be18-43de-a82a-5a530eee4556,2025-06-10,Utilities,0,0,0.9905061,0.9905061,0.0044559087,0.005038073,0.0006183904449712507,False
207f648d-acf8-44a9-b0bd-4ba472c87f53,2025-05-12,Technology,2,2,0.99147487,0.0047408124,0.003784291,0.99147487,0.021607370377188184,True
b39dbae8-35d9-4b85-b714-6abffafd479e,2025-02-13,Technology,0,0,0.99077296,0.99077296,0.0050047766,0.004222309,0.003386843728846012,False
e933def5-2781-4dd0-a3bd-77b35adb106c,2025-01-05,Technology,2,2,0.9916985,0.00600404,0.0022974915,0.9916985,-0.020062799104221152,False
50d71ecf-691a-4098-95c5-156eaab2826b,2025-06-18,Technology,2,2,0.9926738,0.003424623,0.0039015391,0.9926738,-0.0044286549460524904,False
5621e32e-c91e-4c5a-ad08-656ab4000a5a,2025-03-26,Technology,2,2,0.9830868,0.0057497476,0.011163457,0.9830868,-0.00922803663167271,False
93af2440-686c-4858-92de-98e162f8d3b9,2025-06-05,Technology,2,2,0.99327725,0.0033403991,0.003382359,0.99327725,0.009443932077356276,True
92ace4b8-da50-4d29-8ff2-181aef415acb,2025-01-06,Technology,0,0,0.9722856,0.9722856,0.02528704,0.00242726,-0.020062799104221152,True
4b779a8f-f165-4741-93d8-a39084555c71,2025-04-05,Technology,2,2,0.9929047,0.003323547,0.003771701,0.9929047,-0.020331466531262166,False
24a5a923-0116-41ce-8ee3-dad8a439602e,2025-03-14,Technology,2,2,0.9907947,0.0038738865,0.005331359,0.9907947,0.006964523779432463,True
8e53dc55-4c6f-48d1-895c-c60046c960be,2025-06-17,Technology,0,0,0.99147063,0.99147063,0.0037822272,0.0047470536,0.0012016959942455774,False
86b05b35-34b1-4ea6-a66c-3154c6a94d5c,2025-06-27,Technology,1,2,0.68243587,0.089662805,0.22790135,0.68243587,0.009809751617682938,True
04f27087-bcb0-4c03-88e5-882560e6123e,2025-06-18,Technology,2,2,0.98938835,0.0030008594,0.0076108775,0.98938835,-0.0044286549460524904,False
ce39247d-d124-46d6-9788-47aee74fb54b,2025-05-05,Technology,2,2,0.98880965,0.006141948,0.005048455,0.98880965,-0.00830784595351386,False
ec2666c3-ce3e-4ea6-8b88-c3993788c8fb,2025-03-18,Technology,2,2,0.99227834,0.0030751016,0.0046466007,0.99227834,0.013009709380296552,True
7f5beebf-7321-43a5-93dd-ae686ba78ae5,2025-06-02,Technology,2,2,0.9381312,0.0205086,0.041360166,0.9381312,0.015024683605287414,True
84fb94b0-4d1f-44ec-9fb0-de1b0eff7629,2025-03-28,Technology,2,2,0.991487,0.005650626,0.002862282,0.991487,0.00048449870317290866,True
6464700c-1d5a-4110-811e-b10992efd34c,2025-03-18,Technology,2,2,0.9914757,0.0034078548,0.005116423,0.9914757,0.013009709380296552,True
b7bc6615-f74b-4460-8eee-5b55dd8f5a6a,2025-04-07,Technology,0,0,0.98994106,0.98994106,0.005184276,0.0048747053,-0.020331466531262166,True
b4ff08b0-66db-465b-a08a-411c7002a678,2025-05-14,Technology,2,2,0.99157023,0.0065328926,0.0018968337,0.99157023,0.0013667281371725348,True
c80cd47c-d4fd-47a9-ba35-1f4598ea8f92,2025-05-07,Technology,2,2,0.99141157,0.005651344,0.0029371232,0.99141157,0.009545422278383953,True
c0365ecc-64a0-47d1-be39-72b9c7dc4d74,2025-03-10,Technology,1,2,0.9821107,0.007058341,0.010830998,0.9821107,-0.00406215581130509,False
5cc915ec-58c0-4920-9693-ad2a1636a025,2025-06-09,Technology,2,2,0.9931378,0.0037657078,0.0030965193,0.9931378,0.00559427355537756,True
bd37651c-bc27-458a-ab9a-afff20004a4d,2025-02-03,Technology,2,2,0.99079436,0.0033299683,0.005875639,0.99079436,0.014404913584792123,True
337aa671-ded5-4257-b6f7-9ca1299981a9,2025-03-06,Technology,0,0,0.97682595,0.97682595,0.004033796,0.019140221,0.014483312337328247,False
c8fe2518-640f-4e0b-878e-16078aee54c1,2025-03-28,Technology,0,0,0.98865193,0.98865193,0.0070050913,0.0043430235,0.00048449870317290866,False
5db2d1c5-ce82-42bc-93c4-84a4fb86c266,2025-06-12,Technology,0,0,0.9696348,0.9696348,0.0021526732,0.028212644,-0.014016609855351914,True
cafde5ef-cd3f-48af-b4cc-6acc857c59a9,2025-03-20,Technology,2,2,0.992191,0.0030839555,0.004725067,0.992191,0.002718163922496908,True
13b28c87-e92e-4ce4-8297-0b820596f1da,2025-03-07,Technology,0,0,0.98992866,0.98992866,0.0046743327,0.0053970595,-0.04250935101828013,True
fe02fc1a-927d-46ea-8224-34b1d52296fd,2025-03-26,Technology,2,2,0.9925303,0.0029642812,0.004505477,0.9925303,-0.00922803663167271,False
2baad2b7-730b-4788-834f-47ff08940c72,2025-02-07,Technology,2,2,0.99098325,0.0061763274,0.002840425,0.99098325,0.014603529720491837,True
92f342f4-c1d4-434f-9d3b-9d93d48ebcbf,2025-06-06,Technology,2,2,0.9921312,0.004216911,0.003651958,0.9921312,0.0049085340071712835,True
122646d5-98c7-4b96-8079-3f42c8ee6beb,2025-06-03,Technology,2,2,0.9917368,0.0032903284,0.004972844,0.9917368,0.0014802542103320437,True
7b13b3d1-4cab-456d-9bdc-72c488c8ea27,2025-06-24,Technology,2,2,0.9925404,0.0025504697,0.004909131,0.9925404,0.008534220043163065,True
6f55b99f-40d1-4b15-a66f-ad43a3f10362,2025-06-21,Technology,2,2,0.9929571,0.0033666717,0.0036762545,0.9929571,0.017951253798991207,True
47d4221e-9d76-4b7c-b1dc-704892170d24,2025-02-19,Technology,2,2,0.9927856,0.0038491776,0.0033652445,0.9927856,-0.0031794080310454387,False
6124db36-91f2-4e69-8b73-cebc9ad07d38,2025-02-26,Technology,2,2,0.99111265,0.0027281642,0.0061592013,0.99111265,-0.03640694226021357,False
72227751-f088-4bf3-9803-87037c6250ca,2025-02-14,Technology,2,2,0.9933878,0.0036250083,0.002987103,0.9933878,0.00912615089496982,True
fd504e3b-17c4-4747-91cb-517624ebf383,2025-03-11,Technology,2,2,0.991924,0.0025376026,0.005538365,0.991924,0.015738958135123937,True
d26c1026-42db-4f6c-9dd0-084f531986f3,2025-04-07,Technology,2,2,0.9935277,0.0030638212,0.0034084187,0.9935277,-0.020331466531262166,False
150093bb-a608-499f-8338-48c2ce99568d,2025-02-05,Technology,2,2,0.99141276,0.004644456,0.003942834,0.99141276,0.002732821140853714,True
9c8a6d69-3dbb-4d50-afed-6737113e8876,2025-03-24,Technology,2,2,0.99201524,0.0026727305,0.0053119613,0.99201524,0.003308372947428806,True
a271eed8-4bb7-4c74-96aa-ea5ff3756a84,2025-02-20,Technology,1,2,0.9924183,0.004140717,0.0034410232,0.9924183,-0.027090876292250043,False
ef7fc859-9a21-499f-8bc7-0c0073c11d7f,2025-03-19,Technology,2,2,0.9924115,0.0025425956,0.0050459458,0.9924115,-0.007119253423411465,False
81321cc0-46d5-417c-88ff-d7dfca23e0e4,2025-02-03,Technology,2,2,0.9904613,0.003467222,0.0060714516,0.9904613,0.014404913584792123,True
8b42e229-a16a-4df1-9a5e-061aa99c2b1f,2025-03-28,Technology,0,0,0.9864912,0.9864912,0.010059292,0.0034495143,0.00048449870317290866,False
e6858ce2-c3b1-4aab-9204-df97bb5f7b05,2025-04-08,Technology,2,2,0.9908698,0.0028753106,0.006254805,0.9908698,0.13425697132599002,True
80dea706-a00c-46ad-84d8-30396650b9d4,2025-04-08,Technology,2,2,0.9868254,0.0064504235,0.006724188,0.9868254,0.13425697132599002,True
76066cf8-f9af-494e-8e96-8cce8ae9b104,2025-06-16,Technology,2,2,0.99281114,0.0035825148,0.0036063592,0.99281114,-0.007076966793235218,False
ff833c3e-91d6-4f01-87a6-189dcb148a77,2025-02-02,Technology,2,2,0.64942443,0.062385138,0.28819042,0.64942443,0.014404913584792123,True
7397ea36-2b27-49db-8709-43b14aab8635,2025-03-17,Technology,2,0,0.97545505,0.97545505,0.0042750915,0.020269878,-0.015225358078311713,True
f5b0d341-d469-4b9c-bf1a-83ff5fa52a7e,2025-03-11,Technology,2,2,0.99076813,0.0059636533,0.003268163,0.99076813,0.015738958135123937,True
fcd3f2ea-eb73-432c-98d9-84519205be38,2025-03-10,Technology,0,0,0.9898315,0.9898315,0.0061366265,0.0040318044,-0.00406215581130509,True
c28ce74c-9c5f-4a18-aebd-fa072c38731a,2025-05-05,Technology,2,2,0.99367034,0.0035351475,0.0027945272,0.99367034,-0.00830784595351386,False
170645ab-38b7-4619-9f13-ac8cbd54a976,2025-02-25,Technology,2,2,0.97181207,0.018812701,0.009375199,0.97181207,0.01089670278334176,True
e1fb76e6-7784-4d56-82ee-75cdaebe901a,2025-03-10,Technology,2,2,0.99028337,0.007612309,0.0021043308,0.99028337,-0.00406215581130509,False
efe08504-de1d-4691-b271-df340781b519,2025-06-25,Technology,2,2,0.9930058,0.0029442515,0.004049966,0.9930058,0.00689793935673344,True
1065cddb-a644-45a7-8196-de6f642acdd2,2025-02-21,Technology,2,2,0.9920678,0.0026007125,0.005331417,0.9920678,-0.014305789075676034,False
2ced49dc-1e49-4ff1-8294-e8ce82e2caf0,2025-06-20,Technology,2,2,0.99052244,0.0036958093,0.0057816897,0.99052244,0.009728160231118554,True
a0f5dcd0-78dd-4390-8b27-dc47f624abe6,2025-03-06,Technology,2,2,0.98520666,0.010762359,0.004030967,0.98520666,0.014483312337328247,True
713997ed-25f2-445e-a198-4c5d45e0a0e7,2025-02-26,Technology,2,2,0.99100226,0.0020694637,0.0069282805,0.99100226,-0.03640694226021357,False
5fce739c-a62e-409e-8a8c-73299ed4d2d1,2025-06-11,Technology,0,0,0.9892988,0.9892988,0.0038250398,0.006876112,0.00927856794668891,False
18215936-5d60-4b46-905f-4e9006787fb2,2025-03-03,Technology,0,0,0.8334784,0.8334784,0.16195236,0.0045692753,-0.0007774188062780185,True
e1009838-aa4a-4541-b0d7-0ffca1fb6e75,2025-05-07,Technology,2,2,0.9913094,0.005316186,0.0033744348,0.9913094,0.009545422278383953,True
3d538cfa-17b0-4cc7-8acf-d0842bf09ed5,2025-02-23,Technology,0,0,0.98968035,0.98968035,0.0059237746,0.004395889,-0.01295840383215685,True
906b9f89-b2e7-4992-9bbf-9a29fb1daae9,2025-06-15,Technology,0,0,0.97917134,0.97917134,0.017593611,0.0032350873,-0.007076966793235218,True
5932d2bc-c67b-4ff7-9f38-c96cc9aee3da,2025-03-04,Technology,0,0,0.9910499,0.9910499,0.0043744375,0.004575653,0.014050376769879858,False
e4d9e292-52c0-43b4-8d71-6a1cd058f9ff,2025-04-07,Technology,0,0,0.9875273,0.9875273,0.0060209855,0.0064516603,-0.020331466531262166,True
16f5cac2-7227-46e3-837c-bd564550d515,2025-06-17,Industrials,2,2,0.9910677,0.0044012303,0.0045310366,0.9910677,-0.002385102284194085,False
7d2c9782-d7c4-40fc-8b71-68666faa2cf7,2025-05-05,Technology,2,2,0.99230665,0.003238371,0.0044549624,0.99230665,-0.00830784595351386,False
ab0ed876-b920-4735-b95c-6e5e1f53996f,2025-02-18,Energy,1,0,0.6988402,0.6988402,0.22892947,0.072230354,0.007886019356433627,False
e54477b8-301a-47ec-92cf-9659fa60cc0d,2025-04-08,Financial Services,0,0,0.9880162,0.9880162,0.0073129167,0.004670936,0.07536433313495516,False
7fcdc800-664b-4b32-9675-43dcdd8a1870,2025-04-04,Technology,2,2,0.9858773,0.011571609,0.0025511626,0.9858773,0.00597692397797811,True
66075df7-b2da-418a-9a61-fab60e37b640,2025-02-20,Industrials,0,0,0.96262074,0.96262074,0.033484854,0.0038944238,-0.021906312629409452,True
b1bb7884-f438-470a-a28e-f68f828ab9fb,2025-01-03,Consumer Cyclical,1,0,0.965475,0.965475,0.019194197,0.015330857,0.003940142422566906,False
6dffa003-8890-45cf-940a-92d1dd699942,2025-03-19,Technology,2,2,0.99116,0.0037194665,0.00512057,0.99116,-0.007119253423411465,False
aca88f19-212c-4dbf-acd4-47bbf0d365a3,2025-06-04,Technology,2,2,0.9838604,0.004555495,0.0115841925,0.9838604,-0.0028293841229337646,False
94fb83d6-5b0b-42e9-95ea-a18193408d39,2025-04-04,Technology,0,0,0.98954695,0.98954695,0.004169743,0.006283255,0.00597692397797811,False
57dedc3c-a90c-40d1-af41-2ddd7882b5c7,2025-03-17,Technology,0,0,0.9783474,0.9783474,0.006545686,0.0151069835,-0.015225358078311713,True
c975632a-c4b2-4662-b438-3c17815c775d,2025-03-11,Industrials,0,0,0.98929006,0.98929006,0.0052539515,0.0054560625,-7.680992323233493e-05,True
8d9b1b5b-b137-46bc-8102-264968ac8c92,2025-03-21,Technology,0,0,0.9913455,0.9913455,0.0040949904,0.004559552,0.017152729733521,False
a44b4363-bb84-4dfb-aeaf-1c42bf827bde,2025-05-12,Technology,2,2,0.9911901,0.0025917764,0.0062181936,0.9911901,0.021607370377188184,True
61a8b834-e694-42a0-8d73-773c67c4a59f,2025-06-05,Technology,2,2,0.99277014,0.0038984066,0.003331429,0.99277014,0.009443932077356276,True
201b367a-7156-4026-b1a1-87757d586b74,2025-03-18,Financial Services,0,0,0.9901356,0.9901356,0.0049547045,0.0049097463,0.01101368405000569,False
2a7645d6-9e55-42b6-b1e1-258a0c8abc3e,2025-06-07,Technology,2,2,0.94221044,0.055185907,0.0026036173,0.94221044,0.00559427355537756,True
9e9ee8d1-a019-4e2a-80c6-9b3a98f423f6,2025-06-08,Technology,0,0,0.9916819,0.9916819,0.003953807,0.0043643345,0.00559427355537756,False
7b480042-230e-4315-abca-49a926b41a52,2025-05-14,Technology,2,2,0.99320376,0.0031240054,0.0036722438,0.99320376,0.0013667281371725348,True
1abeff30-ea86-4e06-8eff-d547411cbc07,2025-02-06,Technology,2,2,0.98909795,0.0069832024,0.0039187893,0.98909795,-0.00855935992489576,False
4262fab7-e9bc-4a14-9181-76f592188701,2025-05-05,Services,0,0,0.9598223,0.9598223,0.0028344165,0.03734329,-0.008358364343191038,True
be5c2809-5880-4ba5-a8f7-a8f4fbfa01fb,2025-01-04,Technology,0,0,0.9880703,0.9880703,0.007583076,0.0043467507,-0.020062799104221152,True
4bb6978c-5681-4dc7-9d11-9b01ce390a10,2025-03-16,Communication Services,0,0,0.98170185,0.98170185,0.00575829,0.012539954,-0.013981628743625296,True
c365a4a8-7505-4d0e-a60b-081187916fa7,2025-06-02,Technology,2,2,0.990533,0.0021705357,0.0072964393,0.990533,0.015024683605287414,True
80971ad4-b0ce-48b5-91ac-55265a8ed595,2025-04-01,Energy,2,2,0.9906076,0.0044345744,0.0049577896,0.9906076,0.0013829495044463957,True
446fd92d-4c90-4653-834c-6bc5f7354b8e,2025-06-28,Technology,2,2,0.9914915,0.0031063177,0.005402163,0.9914915,-0.008924671425053154,False
fb30b3e7-4a9c-4aea-9e45-04e3f7b4d597,2025-03-03,Technology,0,0,0.96880186,0.96880186,0.027161624,0.0040365146,-0.0007774188062780185,True
ab06f757-9d5f-4269-9db2-41602795f670,2025-05-08,Technology,2,2,0.9924434,0.002609317,0.0049472563,0.9924434,-0.0012392207266846977,False
